[
{
  "model": "auth.user",
  "pk": 1,
  "fields": {
    "password": "pbkdf2_sha256$600000$sD37NpT8K6ZMIwf6pMBXcf$WCbj1G+1NfCDV9OjLeh4OIzCJBs8fwGrrZbDPOEi44w=",
    "last_login": "2026-07-19T18:45:03.681Z",
    "is_superuser": true,
    "username": "admin",
    "first_name": "Rahimullah",
    "last_name": "Khan",
    "email": "admin@rahimullah-advocate.com",
    "is_staff": true,
    "is_active": true,
    "date_joined": "2026-07-07T08:12:07.679Z",
    "groups": [],
    "user_permissions": []
  }
},
{
  "model": "auth.user",
  "pk": 11,
  "fields": {
    "password": "pbkdf2_sha256$600000$TJBvhdJFUx7V7vaJJQROwC$jQYqj+F6ADgxzqze0llzjHNVDhoucBHgSB0oreDBIf8=",
    "last_login": null,
    "is_superuser": false,
    "username": "sara_legal",
    "first_name": "Sara",
    "last_name": "Afridi",
    "email": "sara_legal@rahimullah-advocate.com",
    "is_staff": true,
    "is_active": true,
    "date_joined": "2026-07-07T11:38:08.433Z",
    "groups": [],
    "user_permissions": []
  }
},
{
  "model": "auth.user",
  "pk": 12,
  "fields": {
    "password": "pbkdf2_sha256$600000$Ab8jqEFTANKEUpMHCrnXUW$pHdqVjhRTV+1qXr1BbD0tEvOMYHfqj5ExtKtylivMCo=",
    "last_login": null,
    "is_superuser": false,
    "username": "bilal_clerk",
    "first_name": "Bilal",
    "last_name": "Khattak",
    "email": "bilal_clerk@rahimullah-advocate.com",
    "is_staff": true,
    "is_active": true,
    "date_joined": "2026-07-07T11:38:08.704Z",
    "groups": [],
    "user_permissions": []
  }
},
{
  "model": "auth.user",
  "pk": 13,
  "fields": {
    "password": "pbkdf2_sha256$600000$MlUgcpbj78pw74uAiQmQHc$5Spse7ru8PrRwhi88yV/vULRFhkNhrIktBPA1g4LlNA=",
    "last_login": null,
    "is_superuser": false,
    "username": "usman_para",
    "first_name": "Usman",
    "last_name": "Paracha",
    "email": "usman_para@rahimullah-advocate.com",
    "is_staff": true,
    "is_active": true,
    "date_joined": "2026-07-07T11:38:08.991Z",
    "groups": [],
    "user_permissions": []
  }
},
{
  "model": "auth.user",
  "pk": 14,
  "fields": {
    "password": "pbkdf2_sha256$600000$uHDCnQeI57mVXoDvkAhQyw$4PP/w0fqL92Fb5OVIgIPpMs3JY9t128PQ7cUKLqodww=",
    "last_login": "2026-07-07T12:19:24.604Z",
    "is_superuser": false,
    "username": "C-016",
    "first_name": "Tahir Shah",
    "last_name": "",
    "email": "",
    "is_staff": false,
    "is_active": true,
    "date_joined": "2026-07-07T12:11:29.570Z",
    "groups": [],
    "user_permissions": []
  }
},
{
  "model": "auth.user",
  "pk": 15,
  "fields": {
    "password": "pbkdf2_sha256$600000$5LEI8XgaAM4xjGfxKV5c8R$QypjexovcK/bJEwlSCPOugOgwhRT0cTQJ5kZv2zcMHY=",
    "last_login": null,
    "is_superuser": false,
    "username": "C-017",
    "first_name": "Tahir Shah",
    "last_name": "",
    "email": "",
    "is_staff": false,
    "is_active": true,
    "date_joined": "2026-07-18T19:28:06.917Z",
    "groups": [],
    "user_permissions": []
  }
},
{
  "model": "auth.user",
  "pk": 16,
  "fields": {
    "password": "pbkdf2_sha256$600000$aoR2UFPcVwd2RNx4NKd1pt$pUkkHjiVbRXOjoVDfCLJeW6bsLP9t33ywLMLbouFolo=",
    "last_login": null,
    "is_superuser": false,
    "username": "C-018",
    "first_name": "Maaz",
    "last_name": "",
    "email": "",
    "is_staff": false,
    "is_active": true,
    "date_joined": "2026-07-18T19:37:53.942Z",
    "groups": [],
    "user_permissions": []
  }
},
{
  "model": "token_blacklist.outstandingtoken",
  "pk": 1,
  "fields": {
    "user": 1,
    "jti": "042d614ac80d4bf799bfea871a34e281",
    "token": "eyJhbGciOiJIUzI1NiIsInR5cCI6IkpXVCJ9.eyJ0b2tlbl90eXBlIjoicmVmcmVzaCIsImV4cCI6MTc4NDAxOTMyNSwiaWF0IjoxNzgzNDE0NTI1LCJqdGkiOiIwNDJkNjE0YWM4MGQ0YmY3OTliZmVhODcxYTM0ZTI4MSIsInVzZXJfaWQiOiIxIn0.WevgtTYxl4BoK8F1oiYh4jnxJMG5jP0xb7aWqETjIIw",
    "created_at": "2026-07-07T08:55:25.578Z",
    "expires_at": "2026-07-14T08:55:25Z"
  }
},
{
  "model": "token_blacklist.outstandingtoken",
  "pk": 2,
  "fields": {
    "user": 1,
    "jti": "3abac1c33bd044e1a32c872a00f5be3a",
    "token": "eyJhbGciOiJIUzI1NiIsInR5cCI6IkpXVCJ9.eyJ0b2tlbl90eXBlIjoicmVmcmVzaCIsImV4cCI6MTc4NDAyOTE0MywiaWF0IjoxNzgzNDI0MzQzLCJqdGkiOiIzYWJhYzFjMzNiZDA0NGUxYTMyYzg3MmEwMGY1YmUzYSIsInVzZXJfaWQiOiIxIn0.Lkybvgx25qj8vcyO_rJi3r9fZTYBZKLJNVqOFsCvxAI",
    "created_at": "2026-07-07T11:39:03.758Z",
    "expires_at": "2026-07-14T11:39:03Z"
  }
},
{
  "model": "token_blacklist.outstandingtoken",
  "pk": 3,
  "fields": {
    "user": 14,
    "jti": "6e0156796dab451ba358de8c66e2283a",
    "token": "eyJhbGciOiJIUzI1NiIsInR5cCI6IkpXVCJ9.eyJ0b2tlbl90eXBlIjoicmVmcmVzaCIsImV4cCI6MTc4NDAzMTEwMywiaWF0IjoxNzgzNDI2MzAzLCJqdGkiOiI2ZTAxNTY3OTZkYWI0NTFiYTM1OGRlOGM2NmUyMjgzYSIsInVzZXJfaWQiOiIxNCJ9.a-FJ6Cc0WtAX79Q9u0GEcaA5U5ahvOQNjaE8pnFKdyU",
    "created_at": "2026-07-07T12:11:43.854Z",
    "expires_at": "2026-07-14T12:11:43Z"
  }
},
{
  "model": "token_blacklist.outstandingtoken",
  "pk": 4,
  "fields": {
    "user": 1,
    "jti": "eb83234b2bd54120be98383758da23eb",
    "token": "eyJhbGciOiJIUzI1NiIsInR5cCI6IkpXVCJ9.eyJ0b2tlbl90eXBlIjoicmVmcmVzaCIsImV4cCI6MTc4NDAzMTM1OSwiaWF0IjoxNzgzNDI2NTU5LCJqdGkiOiJlYjgzMjM0YjJiZDU0MTIwYmU5ODM4Mzc1OGRhMjNlYiIsInVzZXJfaWQiOiIxIn0.FX9csjGQ0BFGtq-cQ431ZUIbS_nqRF-DU1eDe3vQcow",
    "created_at": "2026-07-07T12:15:59.177Z",
    "expires_at": "2026-07-14T12:15:59Z"
  }
},
{
  "model": "token_blacklist.outstandingtoken",
  "pk": 5,
  "fields": {
    "user": 14,
    "jti": "1eab01ca87564208b95dcff617ed0007",
    "token": "eyJhbGciOiJIUzI1NiIsInR5cCI6IkpXVCJ9.eyJ0b2tlbl90eXBlIjoicmVmcmVzaCIsImV4cCI6MTc4NDAzMTU2NCwiaWF0IjoxNzgzNDI2NzY0LCJqdGkiOiIxZWFiMDFjYTg3NTY0MjA4Yjk1ZGNmZjYxN2VkMDAwNyIsInVzZXJfaWQiOiIxNCJ9.2-C9smSN1oNvoz4sPBpkHOw6RU2Wj70CALGSaLN4JpE",
    "created_at": "2026-07-07T12:19:24.600Z",
    "expires_at": "2026-07-14T12:19:24Z"
  }
},
{
  "model": "token_blacklist.outstandingtoken",
  "pk": 6,
  "fields": {
    "user": 1,
    "jti": "beb1a1812db84e559afd960d7efb5115",
    "token": "eyJhbGciOiJIUzI1NiIsInR5cCI6IkpXVCJ9.eyJ0b2tlbl90eXBlIjoicmVmcmVzaCIsImV4cCI6MTc4NDAzMTU5MywiaWF0IjoxNzgzNDI2NzkzLCJqdGkiOiJiZWIxYTE4MTJkYjg0ZTU1OWFmZDk2MGQ3ZWZiNTExNSIsInVzZXJfaWQiOiIxIn0.tyUKwkEWRbXwCHwKuoV8Wa8t78K3xifBDD0FHCRzt5s",
    "created_at": "2026-07-07T12:19:53.629Z",
    "expires_at": "2026-07-14T12:19:53Z"
  }
},
{
  "model": "token_blacklist.outstandingtoken",
  "pk": 7,
  "fields": {
    "user": 1,
    "jti": "7d4d1aeb83074a3ca840caab99f0f044",
    "token": "eyJhbGciOiJIUzI1NiIsInR5cCI6IkpXVCJ9.eyJ0b2tlbl90eXBlIjoicmVmcmVzaCIsImV4cCI6MTc4NDA5NjMzOSwiaWF0IjoxNzgzNDkxNTM5LCJqdGkiOiI3ZDRkMWFlYjgzMDc0YTNjYTg0MGNhYWI5OWYwZjA0NCIsInVzZXJfaWQiOiIxIn0.b563IW3T78M5pnzlE0LVIfaWP1bf09ye2EecwMjWY2M",
    "created_at": "2026-07-08T06:18:59.837Z",
    "expires_at": "2026-07-15T06:18:59Z"
  }
},
{
  "model": "token_blacklist.outstandingtoken",
  "pk": 8,
  "fields": {
    "user": 1,
    "jti": "3687bd72a27946319289c1a28c32d327",
    "token": "eyJhbGciOiJIUzI1NiIsInR5cCI6IkpXVCJ9.eyJ0b2tlbl90eXBlIjoicmVmcmVzaCIsImV4cCI6MTc4NDEwMDUwNCwiaWF0IjoxNzgzNDk1NzA0LCJqdGkiOiIzNjg3YmQ3MmEyNzk0NjMxOTI4OWMxYTI4YzMyZDMyNyIsInVzZXJfaWQiOiIxIn0.Lh9k31JMXqd0sCO1us6e78nHJnKyC-LETf3JelBGWIc",
    "created_at": "2026-07-08T07:28:24.911Z",
    "expires_at": "2026-07-15T07:28:24Z"
  }
},
{
  "model": "token_blacklist.outstandingtoken",
  "pk": 9,
  "fields": {
    "user": 1,
    "jti": "d21c4deb233c4712951aa96ad2d89b57",
    "token": "eyJhbGciOiJIUzI1NiIsInR5cCI6IkpXVCJ9.eyJ0b2tlbl90eXBlIjoicmVmcmVzaCIsImV4cCI6MTc4NDg5MTQ4MCwiaWF0IjoxNzg0Mjg2NjgwLCJqdGkiOiJkMjFjNGRlYjIzM2M0NzEyOTUxYWE5NmFkMmQ4OWI1NyIsInVzZXJfaWQiOiIxIn0.TM307XxbwUpmm5xiHoJV7lHlR25giG5bBKYCxXutENI",
    "created_at": "2026-07-17T11:11:20.043Z",
    "expires_at": "2026-07-24T11:11:20Z"
  }
},
{
  "model": "token_blacklist.outstandingtoken",
  "pk": 10,
  "fields": {
    "user": 1,
    "jti": "c9b62ee56d364a7abcb8281d2885e394",
    "token": "eyJhbGciOiJIUzI1NiIsInR5cCI6IkpXVCJ9.eyJ0b2tlbl90eXBlIjoicmVmcmVzaCIsImV4cCI6MTc4NDkwNTgwNCwiaWF0IjoxNzg0MzAxMDA0LCJqdGkiOiJjOWI2MmVlNTZkMzY0YTdhYmNiODI4MWQyODg1ZTM5NCIsInVzZXJfaWQiOiIxIn0.1BiCuVteKhRUqHKj37Q4v9uMxiKpABUWPoC4JPcXmSg",
    "created_at": "2026-07-17T15:10:04.236Z",
    "expires_at": "2026-07-24T15:10:04Z"
  }
},
{
  "model": "token_blacklist.outstandingtoken",
  "pk": 11,
  "fields": {
    "user": 1,
    "jti": "5e27db24316f44578877c331c43d32d2",
    "token": "eyJhbGciOiJIUzI1NiIsInR5cCI6IkpXVCJ9.eyJ0b2tlbl90eXBlIjoicmVmcmVzaCIsImV4cCI6MTc4NDkwNjUyMiwiaWF0IjoxNzg0MzAxNzIyLCJqdGkiOiI1ZTI3ZGIyNDMxNmY0NDU3ODg3N2MzMzFjNDNkMzJkMiIsInVzZXJfaWQiOiIxIn0.vxKCqd8p7npTRyHFbYwHUEBnGqaZzYHkB4cZX3G7VLI",
    "created_at": "2026-07-17T15:22:02.726Z",
    "expires_at": "2026-07-24T15:22:02Z"
  }
},
{
  "model": "token_blacklist.outstandingtoken",
  "pk": 12,
  "fields": {
    "user": 1,
    "jti": "dfb7fefcebda46fd98644d119b14c619",
    "token": "eyJhbGciOiJIUzI1NiIsInR5cCI6IkpXVCJ9.eyJ0b2tlbl90eXBlIjoicmVmcmVzaCIsImV4cCI6MTc4NDk2MTgyOCwiaWF0IjoxNzg0MzU3MDI4LCJqdGkiOiJkZmI3ZmVmY2ViZGE0NmZkOTg2NDRkMTE5YjE0YzYxOSIsInVzZXJfaWQiOiIxIn0.D3r5Kpca64GSKYFCYQoXmxuYfBiBEAVBXBiB9h9-3Q4",
    "created_at": "2026-07-18T06:43:48.062Z",
    "expires_at": "2026-07-25T06:43:48Z"
  }
},
{
  "model": "token_blacklist.outstandingtoken",
  "pk": 13,
  "fields": {
    "user": 1,
    "jti": "3bf2da3bf27843bd826e74c20f4b4821",
    "token": "eyJhbGciOiJIUzI1NiIsInR5cCI6IkpXVCJ9.eyJ0b2tlbl90eXBlIjoicmVmcmVzaCIsImV4cCI6MTc4NDk2MjMwMiwiaWF0IjoxNzg0MzU3NTAyLCJqdGkiOiIzYmYyZGEzYmYyNzg0M2JkODI2ZTc0YzIwZjRiNDgyMSIsInVzZXJfaWQiOiIxIn0.JLgSaVNmTbsgWkzLvrS1FRhMXB0RnR8ZFHitpckQgS4",
    "created_at": "2026-07-18T06:51:42.198Z",
    "expires_at": "2026-07-25T06:51:42Z"
  }
},
{
  "model": "token_blacklist.outstandingtoken",
  "pk": 14,
  "fields": {
    "user": 1,
    "jti": "96377efd541c4331a15ab50bb87e9c80",
    "token": "eyJhbGciOiJIUzI1NiIsInR5cCI6IkpXVCJ9.eyJ0b2tlbl90eXBlIjoicmVmcmVzaCIsImV4cCI6MTc4NDk5NjgyNywiaWF0IjoxNzg0MzkyMDI3LCJqdGkiOiI5NjM3N2VmZDU0MWM0MzMxYTE1YWI1MGJiODdlOWM4MCIsInVzZXJfaWQiOiIxIn0.8x5rVLZYE6MKpqOohb47aaqMXEo2wP8vhAtO4MtJfws",
    "created_at": "2026-07-18T16:27:07.736Z",
    "expires_at": "2026-07-25T16:27:07Z"
  }
},
{
  "model": "token_blacklist.outstandingtoken",
  "pk": 47,
  "fields": {
    "user": 1,
    "jti": "2db783a430bb406495bb117b5d340fb0",
    "token": "eyJhbGciOiJIUzI1NiIsInR5cCI6IkpXVCJ9.eyJ0b2tlbl90eXBlIjoicmVmcmVzaCIsImV4cCI6MTc4NTAwNTgwMiwiaWF0IjoxNzg0NDAxMDAyLCJqdGkiOiIyZGI3ODNhNDMwYmI0MDY0OTViYjExN2I1ZDM0MGZiMCIsInVzZXJfaWQiOiIxIn0.6hXKwcEPY3dtt9Xc5qUvcFFmjLstpybmMjjtShc4Wvk",
    "created_at": "2026-07-18T18:56:42.462Z",
    "expires_at": "2026-07-25T18:56:42Z"
  }
},
{
  "model": "token_blacklist.outstandingtoken",
  "pk": 48,
  "fields": {
    "user": 1,
    "jti": "7970575149f042b68f09b7a01983a541",
    "token": "eyJhbGciOiJIUzI1NiIsInR5cCI6IkpXVCJ9.eyJ0b2tlbl90eXBlIjoicmVmcmVzaCIsImV4cCI6MTc4NTAwNjkwOCwiaWF0IjoxNzg0NDAyMTA4LCJqdGkiOiI3OTcwNTc1MTQ5ZjA0MmI2OGYwOWI3YTAxOTgzYTU0MSIsInVzZXJfaWQiOiIxIn0.oUfXi_5iPd8mzPjlnZeHbVB8k5vp2kyecmZ9U4v9uD0",
    "created_at": "2026-07-18T19:15:08.072Z",
    "expires_at": "2026-07-25T19:15:08Z"
  }
},
{
  "model": "token_blacklist.outstandingtoken",
  "pk": 49,
  "fields": {
    "user": 1,
    "jti": "e05cbf3e555c4137aa0144b7210de0b9",
    "token": "eyJhbGciOiJIUzI1NiIsInR5cCI6IkpXVCJ9.eyJ0b2tlbl90eXBlIjoicmVmcmVzaCIsImV4cCI6MTc4NTA1MTczNSwiaWF0IjoxNzg0NDQ2OTM1LCJqdGkiOiJlMDVjYmYzZTU1NWM0MTM3YWEwMTQ0YjcyMTBkZTBiOSIsInVzZXJfaWQiOiIxIn0.IQGBb3ZgJcvwBo8N48xMVJ8S5UZQbVHfiE7Tg2wzuac",
    "created_at": "2026-07-19T07:42:15.488Z",
    "expires_at": "2026-07-26T07:42:15Z"
  }
},
{
  "model": "token_blacklist.outstandingtoken",
  "pk": 50,
  "fields": {
    "user": 1,
    "jti": "823725bd811c4897bc5ae039de2d521f",
    "token": "eyJhbGciOiJIUzI1NiIsInR5cCI6IkpXVCJ9.eyJ0b2tlbl90eXBlIjoicmVmcmVzaCIsImV4cCI6MTc4NTA1NDQwNSwiaWF0IjoxNzg0NDQ5NjA1LCJqdGkiOiI4MjM3MjViZDgxMWM0ODk3YmM1YWUwMzlkZTJkNTIxZiIsInVzZXJfaWQiOiIxIn0.wa1KBg40BaQ7Qpe3mWik-olwGrBiiT-wOj_vYYjJuv4",
    "created_at": "2026-07-19T08:26:45.144Z",
    "expires_at": "2026-07-26T08:26:45Z"
  }
},
{
  "model": "token_blacklist.outstandingtoken",
  "pk": 51,
  "fields": {
    "user": 1,
    "jti": "0a80c32a020044739fb4a49ed5eb0ae9",
    "token": "eyJhbGciOiJIUzI1NiIsInR5cCI6IkpXVCJ9.eyJ0b2tlbl90eXBlIjoicmVmcmVzaCIsImV4cCI6MTc4NTA1NjAyMiwiaWF0IjoxNzg0NDUxMjIyLCJqdGkiOiIwYTgwYzMyYTAyMDA0NDczOWZiNGE0OWVkNWViMGFlOSIsInVzZXJfaWQiOiIxIn0.wwqeh867oUUbI9JDCIqBV2yWff8PjraFRud2yvoWRVA",
    "created_at": "2026-07-19T08:53:42.736Z",
    "expires_at": "2026-07-26T08:53:42Z"
  }
},
{
  "model": "token_blacklist.outstandingtoken",
  "pk": 52,
  "fields": {
    "user": 1,
    "jti": "b360b53fcfd34dbbb049f01b4e8082bb",
    "token": "eyJhbGciOiJIUzI1NiIsInR5cCI6IkpXVCJ9.eyJ0b2tlbl90eXBlIjoicmVmcmVzaCIsImV4cCI6MTc4NTA5MTUwMywiaWF0IjoxNzg0NDg2NzAzLCJqdGkiOiJiMzYwYjUzZmNmZDM0ZGJiYjA0OWYwMWI0ZTgwODJiYiIsInVzZXJfaWQiOiIxIn0.wvLPTxDZ8B_Nmdz7Z0BefpXH6Cuspghwez7jsIUXGtg",
    "created_at": "2026-07-19T18:45:03.621Z",
    "expires_at": "2026-07-26T18:45:03Z"
  }
},
{
  "model": "management.userprofile",
  "pk": 14,
  "fields": {
    "user": 1,
    "role": "Admin",
    "avatar": "avatars/ChatGPT_Image_Jul_3_2026_10_11_42_PM.png",
    "permissions": {}
  }
},
{
  "model": "management.userprofile",
  "pk": 15,
  "fields": {
    "user": 11,
    "role": "Staff",
    "avatar": "",
    "permissions": {}
  }
},
{
  "model": "management.userprofile",
  "pk": 16,
  "fields": {
    "user": 12,
    "role": "Staff",
    "avatar": "",
    "permissions": {}
  }
},
{
  "model": "management.userprofile",
  "pk": 17,
  "fields": {
    "user": 13,
    "role": "Paralegal",
    "avatar": "",
    "permissions": {}
  }
},
{
  "model": "management.userprofile",
  "pk": 18,
  "fields": {
    "user": 14,
    "role": "Staff",
    "avatar": "",
    "permissions": {}
  }
},
{
  "model": "management.userprofile",
  "pk": 19,
  "fields": {
    "user": 15,
    "role": "Staff",
    "avatar": "",
    "permissions": {}
  }
},
{
  "model": "management.userprofile",
  "pk": 20,
  "fields": {
    "user": 16,
    "role": "Staff",
    "avatar": "",
    "permissions": {}
  }
},
{
  "model": "management.historicalclient",
  "pk": 1,
  "fields": {
    "id": "e0619566-0f98-4ad1-8a4c-40ebb0daabca",
    "client_number": "C-001",
    "name": "Muhammad Azam Khan",
    "cnic": "15401-1234567-1",
    "mobile_number": "0946-111234",
    "address": "Mingora, Swat",
    "portal_password": null,
    "created_at": "2026-07-07T08:27:08.111Z",
    "user": null,
    "history_date": "2026-07-07T08:27:08.113Z",
    "history_change_reason": null,
    "history_type": "+",
    "history_user": null
  }
},
{
  "model": "management.historicalclient",
  "pk": 2,
  "fields": {
    "id": "026e510a-adab-4ebb-be8f-fb7154fedcf5",
    "client_number": "C-002",
    "name": "Fazal Rehman Yousafzai",
    "cnic": "15401-2345678-3",
    "mobile_number": "0946-222345",
    "address": "Saidu Sharif, Swat",
    "portal_password": null,
    "created_at": "2026-07-07T08:27:08.118Z",
    "user": null,
    "history_date": "2026-07-07T08:27:08.119Z",
    "history_change_reason": null,
    "history_type": "+",
    "history_user": null
  }
},
{
  "model": "management.historicalclient",
  "pk": 3,
  "fields": {
    "id": "c71a8579-64b2-41b9-bb47-ba46ab40dabc",
    "client_number": "C-003",
    "name": "Gul Badshah",
    "cnic": "15401-3456789-5",
    "mobile_number": "0946-333456",
    "address": "Matta, Swat",
    "portal_password": null,
    "created_at": "2026-07-07T08:27:08.122Z",
    "user": null,
    "history_date": "2026-07-07T08:27:08.122Z",
    "history_change_reason": null,
    "history_type": "+",
    "history_user": null
  }
},
{
  "model": "management.historicalclient",
  "pk": 4,
  "fields": {
    "id": "39f0d025-cae0-4b6e-a37b-3f502cec138d",
    "client_number": "C-004",
    "name": "Shahid Ullah Khan",
    "cnic": "15401-4567890-7",
    "mobile_number": "0946-444567",
    "address": "Khwazakhela, Swat",
    "portal_password": null,
    "created_at": "2026-07-07T08:27:08.125Z",
    "user": null,
    "history_date": "2026-07-07T08:27:08.126Z",
    "history_change_reason": null,
    "history_type": "+",
    "history_user": null
  }
},
{
  "model": "management.historicalclient",
  "pk": 5,
  "fields": {
    "id": "ceaf52e5-d5ab-4036-a6a1-3f8b3b64da5e",
    "client_number": "C-005",
    "name": "Noor Muhammad Swati",
    "cnic": "15401-5678901-9",
    "mobile_number": "0946-555678",
    "address": "Bahrain, Swat",
    "portal_password": null,
    "created_at": "2026-07-07T08:27:08.129Z",
    "user": null,
    "history_date": "2026-07-07T08:27:08.130Z",
    "history_change_reason": null,
    "history_type": "+",
    "history_user": null
  }
},
{
  "model": "management.historicalclient",
  "pk": 6,
  "fields": {
    "id": "e7a22adf-17a7-4be5-afb7-a620339c873e",
    "client_number": "C-006",
    "name": "Imran Ali Shah",
    "cnic": "15402-6789012-1",
    "mobile_number": "0946-666789",
    "address": "Madyan, Swat",
    "portal_password": null,
    "created_at": "2026-07-07T08:27:08.133Z",
    "user": null,
    "history_date": "2026-07-07T08:27:08.134Z",
    "history_change_reason": null,
    "history_type": "+",
    "history_user": null
  }
},
{
  "model": "management.historicalclient",
  "pk": 7,
  "fields": {
    "id": "f0a7eefa-cea9-462b-a52f-c8690f6663de",
    "client_number": "C-007",
    "name": "Tariq Hussain Wazir",
    "cnic": "15402-7890123-3",
    "mobile_number": "0946-777890",
    "address": "Charbagh, Swat",
    "portal_password": null,
    "created_at": "2026-07-07T08:27:08.137Z",
    "user": null,
    "history_date": "2026-07-07T08:27:08.137Z",
    "history_change_reason": null,
    "history_type": "+",
    "history_user": null
  }
},
{
  "model": "management.historicalclient",
  "pk": 8,
  "fields": {
    "id": "949e2eea-86fa-49b0-90fc-7a7caffcba22",
    "client_number": "C-008",
    "name": "Abdul Malik Akhundzada",
    "cnic": "15402-8901234-5",
    "mobile_number": "0946-888901",
    "address": "Kabal, Swat",
    "portal_password": null,
    "created_at": "2026-07-07T08:27:08.140Z",
    "user": null,
    "history_date": "2026-07-07T08:27:08.141Z",
    "history_change_reason": null,
    "history_type": "+",
    "history_user": null
  }
},
{
  "model": "management.historicalclient",
  "pk": 9,
  "fields": {
    "id": "8be35aa9-8c63-48da-9593-b9b0a7050be8",
    "client_number": "C-009",
    "name": "Khalid Pervez Afridi",
    "cnic": "15403-9012345-7",
    "mobile_number": "0946-999012",
    "address": "Barikot, Swat",
    "portal_password": null,
    "created_at": "2026-07-07T08:27:08.144Z",
    "user": null,
    "history_date": "2026-07-07T08:27:08.144Z",
    "history_change_reason": null,
    "history_type": "+",
    "history_user": null
  }
},
{
  "model": "management.historicalclient",
  "pk": 10,
  "fields": {
    "id": "c1172835-06ea-442a-8a1a-2a0eeafa99dd",
    "client_number": "C-010",
    "name": "Zarghoon Khan",
    "cnic": "15403-0123456-9",
    "mobile_number": "0946-000123",
    "address": "Landakai, Swat",
    "portal_password": null,
    "created_at": "2026-07-07T08:27:08.149Z",
    "user": null,
    "history_date": "2026-07-07T08:27:08.149Z",
    "history_change_reason": null,
    "history_type": "+",
    "history_user": null
  }
},
{
  "model": "management.historicalclient",
  "pk": 11,
  "fields": {
    "id": "3e3a96d8-6e6a-4774-b9e1-46c5042b9c4f",
    "client_number": "C-011",
    "name": "Naseer Ahmad Yusuf",
    "cnic": "15404-1234560-1",
    "mobile_number": "0946-112233",
    "address": "Miandam, Swat",
    "portal_password": null,
    "created_at": "2026-07-07T08:27:08.153Z",
    "user": null,
    "history_date": "2026-07-07T08:27:08.153Z",
    "history_change_reason": null,
    "history_type": "+",
    "history_user": null
  }
},
{
  "model": "management.historicalclient",
  "pk": 12,
  "fields": {
    "id": "4e0dc4d2-a2f6-4a88-a893-a750cc49b686",
    "client_number": "C-012",
    "name": "Riaz Ul Haq",
    "cnic": "15404-2345671-3",
    "mobile_number": "0946-223344",
    "address": "Fatehpur, Swat",
    "portal_password": null,
    "created_at": "2026-07-07T08:27:08.156Z",
    "user": null,
    "history_date": "2026-07-07T08:27:08.157Z",
    "history_change_reason": null,
    "history_type": "+",
    "history_user": null
  }
},
{
  "model": "management.historicalclient",
  "pk": 13,
  "fields": {
    "id": "022db4cd-4db3-4dbe-b07b-cd0870489728",
    "client_number": "C-013",
    "name": "Sher Ali Khan",
    "cnic": "15404-3456782-5",
    "mobile_number": "0946-334455",
    "address": "Asharaat, Swat",
    "portal_password": null,
    "created_at": "2026-07-07T08:27:08.160Z",
    "user": null,
    "history_date": "2026-07-07T08:27:08.160Z",
    "history_change_reason": null,
    "history_type": "+",
    "history_user": null
  }
},
{
  "model": "management.historicalclient",
  "pk": 14,
  "fields": {
    "id": "925e6b19-85b4-49ca-b68b-612f44f18d6c",
    "client_number": "C-014",
    "name": "Bakht Munir",
    "cnic": "15405-4567893-7",
    "mobile_number": "0946-445566",
    "address": "Fizagat, Swat",
    "portal_password": null,
    "created_at": "2026-07-07T08:27:08.163Z",
    "user": null,
    "history_date": "2026-07-07T08:27:08.164Z",
    "history_change_reason": null,
    "history_type": "+",
    "history_user": null
  }
},
{
  "model": "management.historicalclient",
  "pk": 15,
  "fields": {
    "id": "d4ed09e1-7869-4091-9396-2b7f55fc35fb",
    "client_number": "C-015",
    "name": "Wazir Zada Khattak",
    "cnic": "15405-5678904-9",
    "mobile_number": "0946-556677",
    "address": "Green Chowk, Mingora",
    "portal_password": null,
    "created_at": "2026-07-07T08:27:08.167Z",
    "user": null,
    "history_date": "2026-07-07T08:27:08.168Z",
    "history_change_reason": null,
    "history_type": "+",
    "history_user": null
  }
},
{
  "model": "management.historicalclient",
  "pk": 16,
  "fields": {
    "id": "f0a7eefa-cea9-462b-a52f-c8690f6663de",
    "client_number": "C-007",
    "name": "Tariq Hussain Wazir",
    "cnic": "15402-7890123-3",
    "mobile_number": "0946-777890",
    "address": "Charbagh, Swat",
    "portal_password": null,
    "created_at": "2026-07-07T08:27:08.137Z",
    "user": null,
    "history_date": "2026-07-07T11:36:35.405Z",
    "history_change_reason": null,
    "history_type": "-",
    "history_user": null
  }
},
{
  "model": "management.historicalclient",
  "pk": 17,
  "fields": {
    "id": "e7a22adf-17a7-4be5-afb7-a620339c873e",
    "client_number": "C-006",
    "name": "Imran Ali Shah",
    "cnic": "15402-6789012-1",
    "mobile_number": "0946-666789",
    "address": "Madyan, Swat",
    "portal_password": null,
    "created_at": "2026-07-07T08:27:08.133Z",
    "user": null,
    "history_date": "2026-07-07T11:36:35.411Z",
    "history_change_reason": null,
    "history_type": "-",
    "history_user": null
  }
},
{
  "model": "management.historicalclient",
  "pk": 18,
  "fields": {
    "id": "e0619566-0f98-4ad1-8a4c-40ebb0daabca",
    "client_number": "C-001",
    "name": "Muhammad Azam Khan",
    "cnic": "15401-1234567-1",
    "mobile_number": "0946-111234",
    "address": "Mingora, Swat",
    "portal_password": null,
    "created_at": "2026-07-07T08:27:08.111Z",
    "user": null,
    "history_date": "2026-07-07T11:36:35.412Z",
    "history_change_reason": null,
    "history_type": "-",
    "history_user": null
  }
},
{
  "model": "management.historicalclient",
  "pk": 19,
  "fields": {
    "id": "d4ed09e1-7869-4091-9396-2b7f55fc35fb",
    "client_number": "C-015",
    "name": "Wazir Zada Khattak",
    "cnic": "15405-5678904-9",
    "mobile_number": "0946-556677",
    "address": "Green Chowk, Mingora",
    "portal_password": null,
    "created_at": "2026-07-07T08:27:08.167Z",
    "user": null,
    "history_date": "2026-07-07T11:36:35.413Z",
    "history_change_reason": null,
    "history_type": "-",
    "history_user": null
  }
},
{
  "model": "management.historicalclient",
  "pk": 20,
  "fields": {
    "id": "ceaf52e5-d5ab-4036-a6a1-3f8b3b64da5e",
    "client_number": "C-005",
    "name": "Noor Muhammad Swati",
    "cnic": "15401-5678901-9",
    "mobile_number": "0946-555678",
    "address": "Bahrain, Swat",
    "portal_password": null,
    "created_at": "2026-07-07T08:27:08.129Z",
    "user": null,
    "history_date": "2026-07-07T11:36:35.414Z",
    "history_change_reason": null,
    "history_type": "-",
    "history_user": null
  }
},
{
  "model": "management.historicalclient",
  "pk": 21,
  "fields": {
    "id": "c71a8579-64b2-41b9-bb47-ba46ab40dabc",
    "client_number": "C-003",
    "name": "Gul Badshah",
    "cnic": "15401-3456789-5",
    "mobile_number": "0946-333456",
    "address": "Matta, Swat",
    "portal_password": null,
    "created_at": "2026-07-07T08:27:08.122Z",
    "user": null,
    "history_date": "2026-07-07T11:36:35.415Z",
    "history_change_reason": null,
    "history_type": "-",
    "history_user": null
  }
},
{
  "model": "management.historicalclient",
  "pk": 22,
  "fields": {
    "id": "c1172835-06ea-442a-8a1a-2a0eeafa99dd",
    "client_number": "C-010",
    "name": "Zarghoon Khan",
    "cnic": "15403-0123456-9",
    "mobile_number": "0946-000123",
    "address": "Landakai, Swat",
    "portal_password": null,
    "created_at": "2026-07-07T08:27:08.149Z",
    "user": null,
    "history_date": "2026-07-07T11:36:35.416Z",
    "history_change_reason": null,
    "history_type": "-",
    "history_user": null
  }
},
{
  "model": "management.historicalclient",
  "pk": 23,
  "fields": {
    "id": "949e2eea-86fa-49b0-90fc-7a7caffcba22",
    "client_number": "C-008",
    "name": "Abdul Malik Akhundzada",
    "cnic": "15402-8901234-5",
    "mobile_number": "0946-888901",
    "address": "Kabal, Swat",
    "portal_password": null,
    "created_at": "2026-07-07T08:27:08.140Z",
    "user": null,
    "history_date": "2026-07-07T11:36:35.417Z",
    "history_change_reason": null,
    "history_type": "-",
    "history_user": null
  }
},
{
  "model": "management.historicalclient",
  "pk": 24,
  "fields": {
    "id": "925e6b19-85b4-49ca-b68b-612f44f18d6c",
    "client_number": "C-014",
    "name": "Bakht Munir",
    "cnic": "15405-4567893-7",
    "mobile_number": "0946-445566",
    "address": "Fizagat, Swat",
    "portal_password": null,
    "created_at": "2026-07-07T08:27:08.163Z",
    "user": null,
    "history_date": "2026-07-07T11:36:35.418Z",
    "history_change_reason": null,
    "history_type": "-",
    "history_user": null
  }
},
{
  "model": "management.historicalclient",
  "pk": 25,
  "fields": {
    "id": "8be35aa9-8c63-48da-9593-b9b0a7050be8",
    "client_number": "C-009",
    "name": "Khalid Pervez Afridi",
    "cnic": "15403-9012345-7",
    "mobile_number": "0946-999012",
    "address": "Barikot, Swat",
    "portal_password": null,
    "created_at": "2026-07-07T08:27:08.144Z",
    "user": null,
    "history_date": "2026-07-07T11:36:35.419Z",
    "history_change_reason": null,
    "history_type": "-",
    "history_user": null
  }
},
{
  "model": "management.historicalclient",
  "pk": 26,
  "fields": {
    "id": "4e0dc4d2-a2f6-4a88-a893-a750cc49b686",
    "client_number": "C-012",
    "name": "Riaz Ul Haq",
    "cnic": "15404-2345671-3",
    "mobile_number": "0946-223344",
    "address": "Fatehpur, Swat",
    "portal_password": null,
    "created_at": "2026-07-07T08:27:08.156Z",
    "user": null,
    "history_date": "2026-07-07T11:36:35.419Z",
    "history_change_reason": null,
    "history_type": "-",
    "history_user": null
  }
},
{
  "model": "management.historicalclient",
  "pk": 27,
  "fields": {
    "id": "3e3a96d8-6e6a-4774-b9e1-46c5042b9c4f",
    "client_number": "C-011",
    "name": "Naseer Ahmad Yusuf",
    "cnic": "15404-1234560-1",
    "mobile_number": "0946-112233",
    "address": "Miandam, Swat",
    "portal_password": null,
    "created_at": "2026-07-07T08:27:08.153Z",
    "user": null,
    "history_date": "2026-07-07T11:36:35.420Z",
    "history_change_reason": null,
    "history_type": "-",
    "history_user": null
  }
},
{
  "model": "management.historicalclient",
  "pk": 28,
  "fields": {
    "id": "39f0d025-cae0-4b6e-a37b-3f502cec138d",
    "client_number": "C-004",
    "name": "Shahid Ullah Khan",
    "cnic": "15401-4567890-7",
    "mobile_number": "0946-444567",
    "address": "Khwazakhela, Swat",
    "portal_password": null,
    "created_at": "2026-07-07T08:27:08.125Z",
    "user": null,
    "history_date": "2026-07-07T11:36:35.421Z",
    "history_change_reason": null,
    "history_type": "-",
    "history_user": null
  }
},
{
  "model": "management.historicalclient",
  "pk": 29,
  "fields": {
    "id": "026e510a-adab-4ebb-be8f-fb7154fedcf5",
    "client_number": "C-002",
    "name": "Fazal Rehman Yousafzai",
    "cnic": "15401-2345678-3",
    "mobile_number": "0946-222345",
    "address": "Saidu Sharif, Swat",
    "portal_password": null,
    "created_at": "2026-07-07T08:27:08.118Z",
    "user": null,
    "history_date": "2026-07-07T11:36:35.422Z",
    "history_change_reason": null,
    "history_type": "-",
    "history_user": null
  }
},
{
  "model": "management.historicalclient",
  "pk": 30,
  "fields": {
    "id": "022db4cd-4db3-4dbe-b07b-cd0870489728",
    "client_number": "C-013",
    "name": "Sher Ali Khan",
    "cnic": "15404-3456782-5",
    "mobile_number": "0946-334455",
    "address": "Asharaat, Swat",
    "portal_password": null,
    "created_at": "2026-07-07T08:27:08.160Z",
    "user": null,
    "history_date": "2026-07-07T11:36:35.422Z",
    "history_change_reason": null,
    "history_type": "-",
    "history_user": null
  }
},
{
  "model": "management.historicalclient",
  "pk": 31,
  "fields": {
    "id": "8e6441a5-d9ff-4a5c-b60a-238a8e3345fd",
    "client_number": "C-001",
    "name": "Muhammad Azam Khan",
    "cnic": "15401-1234567-1",
    "mobile_number": "0946-111234",
    "address": "Mingora, Swat",
    "portal_password": null,
    "created_at": "2026-07-07T11:36:36.584Z",
    "user": null,
    "history_date": "2026-07-07T11:36:36.584Z",
    "history_change_reason": null,
    "history_type": "+",
    "history_user": null
  }
},
{
  "model": "management.historicalclient",
  "pk": 32,
  "fields": {
    "id": "3b1a1112-9f47-48b0-8fd0-29a2c9a9f067",
    "client_number": "C-002",
    "name": "Fazal Rehman Yousafzai",
    "cnic": "15401-2345678-3",
    "mobile_number": "0946-222345",
    "address": "Saidu Sharif, Swat",
    "portal_password": null,
    "created_at": "2026-07-07T11:36:36.589Z",
    "user": null,
    "history_date": "2026-07-07T11:36:36.591Z",
    "history_change_reason": null,
    "history_type": "+",
    "history_user": null
  }
},
{
  "model": "management.historicalclient",
  "pk": 33,
  "fields": {
    "id": "a519550a-1a30-4fbd-989c-aa27e6280a29",
    "client_number": "C-003",
    "name": "Gul Badshah",
    "cnic": "15401-3456789-5",
    "mobile_number": "0946-333456",
    "address": "Matta, Swat",
    "portal_password": null,
    "created_at": "2026-07-07T11:36:36.595Z",
    "user": null,
    "history_date": "2026-07-07T11:36:36.595Z",
    "history_change_reason": null,
    "history_type": "+",
    "history_user": null
  }
},
{
  "model": "management.historicalclient",
  "pk": 34,
  "fields": {
    "id": "b377ded0-3766-446d-a15c-4b71340c7344",
    "client_number": "C-004",
    "name": "Shahid Ullah Khan",
    "cnic": "15401-4567890-7",
    "mobile_number": "0946-444567",
    "address": "Khwazakhela, Swat",
    "portal_password": null,
    "created_at": "2026-07-07T11:36:36.600Z",
    "user": null,
    "history_date": "2026-07-07T11:36:36.600Z",
    "history_change_reason": null,
    "history_type": "+",
    "history_user": null
  }
},
{
  "model": "management.historicalclient",
  "pk": 35,
  "fields": {
    "id": "466e1c9f-efb7-4f78-9507-fbdabccf0cb3",
    "client_number": "C-005",
    "name": "Noor Muhammad Swati",
    "cnic": "15401-5678901-9",
    "mobile_number": "0946-555678",
    "address": "Bahrain, Swat",
    "portal_password": null,
    "created_at": "2026-07-07T11:36:36.604Z",
    "user": null,
    "history_date": "2026-07-07T11:36:36.604Z",
    "history_change_reason": null,
    "history_type": "+",
    "history_user": null
  }
},
{
  "model": "management.historicalclient",
  "pk": 36,
  "fields": {
    "id": "62a44c4f-0c56-4be9-92f9-1f14d5db9d2d",
    "client_number": "C-006",
    "name": "Imran Ali Shah",
    "cnic": "15402-6789012-1",
    "mobile_number": "0946-666789",
    "address": "Madyan, Swat",
    "portal_password": null,
    "created_at": "2026-07-07T11:36:36.608Z",
    "user": null,
    "history_date": "2026-07-07T11:36:36.608Z",
    "history_change_reason": null,
    "history_type": "+",
    "history_user": null
  }
},
{
  "model": "management.historicalclient",
  "pk": 37,
  "fields": {
    "id": "390af5b1-1473-46d6-aa25-9ee82b0d8040",
    "client_number": "C-007",
    "name": "Tariq Hussain Wazir",
    "cnic": "15402-7890123-3",
    "mobile_number": "0946-777890",
    "address": "Charbagh, Swat",
    "portal_password": null,
    "created_at": "2026-07-07T11:36:36.612Z",
    "user": null,
    "history_date": "2026-07-07T11:36:36.612Z",
    "history_change_reason": null,
    "history_type": "+",
    "history_user": null
  }
},
{
  "model": "management.historicalclient",
  "pk": 38,
  "fields": {
    "id": "19e4a2c1-123d-46bd-a9ad-6acb403bf8a9",
    "client_number": "C-008",
    "name": "Abdul Malik Akhundzada",
    "cnic": "15402-8901234-5",
    "mobile_number": "0946-888901",
    "address": "Kabal, Swat",
    "portal_password": null,
    "created_at": "2026-07-07T11:36:36.616Z",
    "user": null,
    "history_date": "2026-07-07T11:36:36.617Z",
    "history_change_reason": null,
    "history_type": "+",
    "history_user": null
  }
},
{
  "model": "management.historicalclient",
  "pk": 39,
  "fields": {
    "id": "3418af68-61b4-4f13-a6de-e5a1d9f8a3b6",
    "client_number": "C-009",
    "name": "Khalid Pervez Afridi",
    "cnic": "15403-9012345-7",
    "mobile_number": "0946-999012",
    "address": "Barikot, Swat",
    "portal_password": null,
    "created_at": "2026-07-07T11:36:36.620Z",
    "user": null,
    "history_date": "2026-07-07T11:36:36.621Z",
    "history_change_reason": null,
    "history_type": "+",
    "history_user": null
  }
},
{
  "model": "management.historicalclient",
  "pk": 40,
  "fields": {
    "id": "0f0ad471-fcdf-4e33-960d-50d0b9c0b11f",
    "client_number": "C-010",
    "name": "Zarghoon Khan",
    "cnic": "15403-0123456-9",
    "mobile_number": "0946-000123",
    "address": "Landakai, Swat",
    "portal_password": null,
    "created_at": "2026-07-07T11:36:36.624Z",
    "user": null,
    "history_date": "2026-07-07T11:36:36.625Z",
    "history_change_reason": null,
    "history_type": "+",
    "history_user": null
  }
},
{
  "model": "management.historicalclient",
  "pk": 41,
  "fields": {
    "id": "f3a0ffc3-25e2-44f8-ba9c-68e77f62e4fa",
    "client_number": "C-011",
    "name": "Naseer Ahmad Yusuf",
    "cnic": "15404-1234560-1",
    "mobile_number": "0946-112233",
    "address": "Miandam, Swat",
    "portal_password": null,
    "created_at": "2026-07-07T11:36:36.628Z",
    "user": null,
    "history_date": "2026-07-07T11:36:36.628Z",
    "history_change_reason": null,
    "history_type": "+",
    "history_user": null
  }
},
{
  "model": "management.historicalclient",
  "pk": 42,
  "fields": {
    "id": "a02e6acf-87c2-41b8-8f6c-d8fd3ef19606",
    "client_number": "C-012",
    "name": "Riaz Ul Haq",
    "cnic": "15404-2345671-3",
    "mobile_number": "0946-223344",
    "address": "Fatehpur, Swat",
    "portal_password": null,
    "created_at": "2026-07-07T11:36:36.633Z",
    "user": null,
    "history_date": "2026-07-07T11:36:36.633Z",
    "history_change_reason": null,
    "history_type": "+",
    "history_user": null
  }
},
{
  "model": "management.historicalclient",
  "pk": 43,
  "fields": {
    "id": "e7965520-c478-40bb-a2f3-82fb60ec0a7c",
    "client_number": "C-013",
    "name": "Sher Ali Khan",
    "cnic": "15404-3456782-5",
    "mobile_number": "0946-334455",
    "address": "Asharaat, Swat",
    "portal_password": null,
    "created_at": "2026-07-07T11:36:36.637Z",
    "user": null,
    "history_date": "2026-07-07T11:36:36.637Z",
    "history_change_reason": null,
    "history_type": "+",
    "history_user": null
  }
},
{
  "model": "management.historicalclient",
  "pk": 44,
  "fields": {
    "id": "d940f055-edae-4d32-ae3d-376d11ac0a5c",
    "client_number": "C-014",
    "name": "Bakht Munir",
    "cnic": "15405-4567893-7",
    "mobile_number": "0946-445566",
    "address": "Fizagat, Swat",
    "portal_password": null,
    "created_at": "2026-07-07T11:36:36.641Z",
    "user": null,
    "history_date": "2026-07-07T11:36:36.641Z",
    "history_change_reason": null,
    "history_type": "+",
    "history_user": null
  }
},
{
  "model": "management.historicalclient",
  "pk": 45,
  "fields": {
    "id": "9e18d58d-2f57-4a8b-9120-55e3499e762d",
    "client_number": "C-015",
    "name": "Wazir Zada Khattak",
    "cnic": "15405-5678904-9",
    "mobile_number": "0946-556677",
    "address": "Green Chowk, Mingora",
    "portal_password": null,
    "created_at": "2026-07-07T11:36:36.644Z",
    "user": null,
    "history_date": "2026-07-07T11:36:36.645Z",
    "history_change_reason": null,
    "history_type": "+",
    "history_user": null
  }
},
{
  "model": "management.historicalclient",
  "pk": 46,
  "fields": {
    "id": "f3a0ffc3-25e2-44f8-ba9c-68e77f62e4fa",
    "client_number": "C-011",
    "name": "Naseer Ahmad Yusuf",
    "cnic": "15404-1234560-1",
    "mobile_number": "0946-112233",
    "address": "Miandam, Swat",
    "portal_password": null,
    "created_at": "2026-07-07T11:36:36.628Z",
    "user": null,
    "history_date": "2026-07-07T11:36:56.010Z",
    "history_change_reason": null,
    "history_type": "-",
    "history_user": null
  }
},
{
  "model": "management.historicalclient",
  "pk": 47,
  "fields": {
    "id": "e7965520-c478-40bb-a2f3-82fb60ec0a7c",
    "client_number": "C-013",
    "name": "Sher Ali Khan",
    "cnic": "15404-3456782-5",
    "mobile_number": "0946-334455",
    "address": "Asharaat, Swat",
    "portal_password": null,
    "created_at": "2026-07-07T11:36:36.637Z",
    "user": null,
    "history_date": "2026-07-07T11:36:56.012Z",
    "history_change_reason": null,
    "history_type": "-",
    "history_user": null
  }
},
{
  "model": "management.historicalclient",
  "pk": 48,
  "fields": {
    "id": "d940f055-edae-4d32-ae3d-376d11ac0a5c",
    "client_number": "C-014",
    "name": "Bakht Munir",
    "cnic": "15405-4567893-7",
    "mobile_number": "0946-445566",
    "address": "Fizagat, Swat",
    "portal_password": null,
    "created_at": "2026-07-07T11:36:36.641Z",
    "user": null,
    "history_date": "2026-07-07T11:36:56.013Z",
    "history_change_reason": null,
    "history_type": "-",
    "history_user": null
  }
},
{
  "model": "management.historicalclient",
  "pk": 49,
  "fields": {
    "id": "b377ded0-3766-446d-a15c-4b71340c7344",
    "client_number": "C-004",
    "name": "Shahid Ullah Khan",
    "cnic": "15401-4567890-7",
    "mobile_number": "0946-444567",
    "address": "Khwazakhela, Swat",
    "portal_password": null,
    "created_at": "2026-07-07T11:36:36.600Z",
    "user": null,
    "history_date": "2026-07-07T11:36:56.014Z",
    "history_change_reason": null,
    "history_type": "-",
    "history_user": null
  }
},
{
  "model": "management.historicalclient",
  "pk": 50,
  "fields": {
    "id": "a519550a-1a30-4fbd-989c-aa27e6280a29",
    "client_number": "C-003",
    "name": "Gul Badshah",
    "cnic": "15401-3456789-5",
    "mobile_number": "0946-333456",
    "address": "Matta, Swat",
    "portal_password": null,
    "created_at": "2026-07-07T11:36:36.595Z",
    "user": null,
    "history_date": "2026-07-07T11:36:56.015Z",
    "history_change_reason": null,
    "history_type": "-",
    "history_user": null
  }
},
{
  "model": "management.historicalclient",
  "pk": 51,
  "fields": {
    "id": "a02e6acf-87c2-41b8-8f6c-d8fd3ef19606",
    "client_number": "C-012",
    "name": "Riaz Ul Haq",
    "cnic": "15404-2345671-3",
    "mobile_number": "0946-223344",
    "address": "Fatehpur, Swat",
    "portal_password": null,
    "created_at": "2026-07-07T11:36:36.633Z",
    "user": null,
    "history_date": "2026-07-07T11:36:56.016Z",
    "history_change_reason": null,
    "history_type": "-",
    "history_user": null
  }
},
{
  "model": "management.historicalclient",
  "pk": 52,
  "fields": {
    "id": "9e18d58d-2f57-4a8b-9120-55e3499e762d",
    "client_number": "C-015",
    "name": "Wazir Zada Khattak",
    "cnic": "15405-5678904-9",
    "mobile_number": "0946-556677",
    "address": "Green Chowk, Mingora",
    "portal_password": null,
    "created_at": "2026-07-07T11:36:36.644Z",
    "user": null,
    "history_date": "2026-07-07T11:36:56.017Z",
    "history_change_reason": null,
    "history_type": "-",
    "history_user": null
  }
},
{
  "model": "management.historicalclient",
  "pk": 53,
  "fields": {
    "id": "8e6441a5-d9ff-4a5c-b60a-238a8e3345fd",
    "client_number": "C-001",
    "name": "Muhammad Azam Khan",
    "cnic": "15401-1234567-1",
    "mobile_number": "0946-111234",
    "address": "Mingora, Swat",
    "portal_password": null,
    "created_at": "2026-07-07T11:36:36.584Z",
    "user": null,
    "history_date": "2026-07-07T11:36:56.018Z",
    "history_change_reason": null,
    "history_type": "-",
    "history_user": null
  }
},
{
  "model": "management.historicalclient",
  "pk": 54,
  "fields": {
    "id": "62a44c4f-0c56-4be9-92f9-1f14d5db9d2d",
    "client_number": "C-006",
    "name": "Imran Ali Shah",
    "cnic": "15402-6789012-1",
    "mobile_number": "0946-666789",
    "address": "Madyan, Swat",
    "portal_password": null,
    "created_at": "2026-07-07T11:36:36.608Z",
    "user": null,
    "history_date": "2026-07-07T11:36:56.018Z",
    "history_change_reason": null,
    "history_type": "-",
    "history_user": null
  }
},
{
  "model": "management.historicalclient",
  "pk": 55,
  "fields": {
    "id": "466e1c9f-efb7-4f78-9507-fbdabccf0cb3",
    "client_number": "C-005",
    "name": "Noor Muhammad Swati",
    "cnic": "15401-5678901-9",
    "mobile_number": "0946-555678",
    "address": "Bahrain, Swat",
    "portal_password": null,
    "created_at": "2026-07-07T11:36:36.604Z",
    "user": null,
    "history_date": "2026-07-07T11:36:56.019Z",
    "history_change_reason": null,
    "history_type": "-",
    "history_user": null
  }
},
{
  "model": "management.historicalclient",
  "pk": 56,
  "fields": {
    "id": "3b1a1112-9f47-48b0-8fd0-29a2c9a9f067",
    "client_number": "C-002",
    "name": "Fazal Rehman Yousafzai",
    "cnic": "15401-2345678-3",
    "mobile_number": "0946-222345",
    "address": "Saidu Sharif, Swat",
    "portal_password": null,
    "created_at": "2026-07-07T11:36:36.589Z",
    "user": null,
    "history_date": "2026-07-07T11:36:56.020Z",
    "history_change_reason": null,
    "history_type": "-",
    "history_user": null
  }
},
{
  "model": "management.historicalclient",
  "pk": 57,
  "fields": {
    "id": "390af5b1-1473-46d6-aa25-9ee82b0d8040",
    "client_number": "C-007",
    "name": "Tariq Hussain Wazir",
    "cnic": "15402-7890123-3",
    "mobile_number": "0946-777890",
    "address": "Charbagh, Swat",
    "portal_password": null,
    "created_at": "2026-07-07T11:36:36.612Z",
    "user": null,
    "history_date": "2026-07-07T11:36:56.021Z",
    "history_change_reason": null,
    "history_type": "-",
    "history_user": null
  }
},
{
  "model": "management.historicalclient",
  "pk": 58,
  "fields": {
    "id": "3418af68-61b4-4f13-a6de-e5a1d9f8a3b6",
    "client_number": "C-009",
    "name": "Khalid Pervez Afridi",
    "cnic": "15403-9012345-7",
    "mobile_number": "0946-999012",
    "address": "Barikot, Swat",
    "portal_password": null,
    "created_at": "2026-07-07T11:36:36.620Z",
    "user": null,
    "history_date": "2026-07-07T11:36:56.022Z",
    "history_change_reason": null,
    "history_type": "-",
    "history_user": null
  }
},
{
  "model": "management.historicalclient",
  "pk": 59,
  "fields": {
    "id": "19e4a2c1-123d-46bd-a9ad-6acb403bf8a9",
    "client_number": "C-008",
    "name": "Abdul Malik Akhundzada",
    "cnic": "15402-8901234-5",
    "mobile_number": "0946-888901",
    "address": "Kabal, Swat",
    "portal_password": null,
    "created_at": "2026-07-07T11:36:36.616Z",
    "user": null,
    "history_date": "2026-07-07T11:36:56.022Z",
    "history_change_reason": null,
    "history_type": "-",
    "history_user": null
  }
},
{
  "model": "management.historicalclient",
  "pk": 60,
  "fields": {
    "id": "0f0ad471-fcdf-4e33-960d-50d0b9c0b11f",
    "client_number": "C-010",
    "name": "Zarghoon Khan",
    "cnic": "15403-0123456-9",
    "mobile_number": "0946-000123",
    "address": "Landakai, Swat",
    "portal_password": null,
    "created_at": "2026-07-07T11:36:36.624Z",
    "user": null,
    "history_date": "2026-07-07T11:36:56.023Z",
    "history_change_reason": null,
    "history_type": "-",
    "history_user": null
  }
},
{
  "model": "management.historicalclient",
  "pk": 61,
  "fields": {
    "id": "05d7eaac-d39e-4a5d-b682-ca188df1f4a0",
    "client_number": "C-001",
    "name": "Muhammad Azam Khan",
    "cnic": "15401-1234567-1",
    "mobile_number": "0946-111234",
    "address": "Mingora, Swat",
    "portal_password": null,
    "created_at": "2026-07-07T11:36:57.210Z",
    "user": null,
    "history_date": "2026-07-07T11:36:57.210Z",
    "history_change_reason": null,
    "history_type": "+",
    "history_user": null
  }
},
{
  "model": "management.historicalclient",
  "pk": 62,
  "fields": {
    "id": "d6a349d9-8522-4fdb-94c1-02e1a718e427",
    "client_number": "C-002",
    "name": "Fazal Rehman Yousafzai",
    "cnic": "15401-2345678-3",
    "mobile_number": "0946-222345",
    "address": "Saidu Sharif, Swat",
    "portal_password": null,
    "created_at": "2026-07-07T11:36:57.215Z",
    "user": null,
    "history_date": "2026-07-07T11:36:57.215Z",
    "history_change_reason": null,
    "history_type": "+",
    "history_user": null
  }
},
{
  "model": "management.historicalclient",
  "pk": 63,
  "fields": {
    "id": "f96c0bea-eda3-4eb7-b1d6-ecfb76080aa4",
    "client_number": "C-003",
    "name": "Gul Badshah",
    "cnic": "15401-3456789-5",
    "mobile_number": "0946-333456",
    "address": "Matta, Swat",
    "portal_password": null,
    "created_at": "2026-07-07T11:36:57.219Z",
    "user": null,
    "history_date": "2026-07-07T11:36:57.219Z",
    "history_change_reason": null,
    "history_type": "+",
    "history_user": null
  }
},
{
  "model": "management.historicalclient",
  "pk": 64,
  "fields": {
    "id": "26648bf1-52f8-4971-a320-91c31e6acdc5",
    "client_number": "C-004",
    "name": "Shahid Ullah Khan",
    "cnic": "15401-4567890-7",
    "mobile_number": "0946-444567",
    "address": "Khwazakhela, Swat",
    "portal_password": null,
    "created_at": "2026-07-07T11:36:57.224Z",
    "user": null,
    "history_date": "2026-07-07T11:36:57.224Z",
    "history_change_reason": null,
    "history_type": "+",
    "history_user": null
  }
},
{
  "model": "management.historicalclient",
  "pk": 65,
  "fields": {
    "id": "f7c65f8d-5ac0-434e-8c86-17fa03919485",
    "client_number": "C-005",
    "name": "Noor Muhammad Swati",
    "cnic": "15401-5678901-9",
    "mobile_number": "0946-555678",
    "address": "Bahrain, Swat",
    "portal_password": null,
    "created_at": "2026-07-07T11:36:57.228Z",
    "user": null,
    "history_date": "2026-07-07T11:36:57.228Z",
    "history_change_reason": null,
    "history_type": "+",
    "history_user": null
  }
},
{
  "model": "management.historicalclient",
  "pk": 66,
  "fields": {
    "id": "58c35a84-ea85-4ac3-ad7d-0de4ddc11e78",
    "client_number": "C-006",
    "name": "Imran Ali Shah",
    "cnic": "15402-6789012-1",
    "mobile_number": "0946-666789",
    "address": "Madyan, Swat",
    "portal_password": null,
    "created_at": "2026-07-07T11:36:57.232Z",
    "user": null,
    "history_date": "2026-07-07T11:36:57.233Z",
    "history_change_reason": null,
    "history_type": "+",
    "history_user": null
  }
},
{
  "model": "management.historicalclient",
  "pk": 67,
  "fields": {
    "id": "c8d9355d-7de7-4913-aaa2-4efeedd1bc84",
    "client_number": "C-007",
    "name": "Tariq Hussain Wazir",
    "cnic": "15402-7890123-3",
    "mobile_number": "0946-777890",
    "address": "Charbagh, Swat",
    "portal_password": null,
    "created_at": "2026-07-07T11:36:57.237Z",
    "user": null,
    "history_date": "2026-07-07T11:36:57.237Z",
    "history_change_reason": null,
    "history_type": "+",
    "history_user": null
  }
},
{
  "model": "management.historicalclient",
  "pk": 68,
  "fields": {
    "id": "f58d4579-5ed9-4cf5-be8a-2df67160f694",
    "client_number": "C-008",
    "name": "Abdul Malik Akhundzada",
    "cnic": "15402-8901234-5",
    "mobile_number": "0946-888901",
    "address": "Kabal, Swat",
    "portal_password": null,
    "created_at": "2026-07-07T11:36:57.241Z",
    "user": null,
    "history_date": "2026-07-07T11:36:57.241Z",
    "history_change_reason": null,
    "history_type": "+",
    "history_user": null
  }
},
{
  "model": "management.historicalclient",
  "pk": 69,
  "fields": {
    "id": "fbe574b4-4cbb-4268-b6d8-e42d8b8e1a94",
    "client_number": "C-009",
    "name": "Khalid Pervez Afridi",
    "cnic": "15403-9012345-7",
    "mobile_number": "0946-999012",
    "address": "Barikot, Swat",
    "portal_password": null,
    "created_at": "2026-07-07T11:36:57.245Z",
    "user": null,
    "history_date": "2026-07-07T11:36:57.246Z",
    "history_change_reason": null,
    "history_type": "+",
    "history_user": null
  }
},
{
  "model": "management.historicalclient",
  "pk": 70,
  "fields": {
    "id": "e02e8204-deef-41cb-a555-20d7a9b1daa2",
    "client_number": "C-010",
    "name": "Zarghoon Khan",
    "cnic": "15403-0123456-9",
    "mobile_number": "0946-000123",
    "address": "Landakai, Swat",
    "portal_password": null,
    "created_at": "2026-07-07T11:36:57.250Z",
    "user": null,
    "history_date": "2026-07-07T11:36:57.250Z",
    "history_change_reason": null,
    "history_type": "+",
    "history_user": null
  }
},
{
  "model": "management.historicalclient",
  "pk": 71,
  "fields": {
    "id": "0c0bae56-bea9-422f-bce4-353dc187a872",
    "client_number": "C-011",
    "name": "Naseer Ahmad Yusuf",
    "cnic": "15404-1234560-1",
    "mobile_number": "0946-112233",
    "address": "Miandam, Swat",
    "portal_password": null,
    "created_at": "2026-07-07T11:36:57.254Z",
    "user": null,
    "history_date": "2026-07-07T11:36:57.255Z",
    "history_change_reason": null,
    "history_type": "+",
    "history_user": null
  }
},
{
  "model": "management.historicalclient",
  "pk": 72,
  "fields": {
    "id": "c25e9388-b27e-4373-aeb5-d6c430a40651",
    "client_number": "C-012",
    "name": "Riaz Ul Haq",
    "cnic": "15404-2345671-3",
    "mobile_number": "0946-223344",
    "address": "Fatehpur, Swat",
    "portal_password": null,
    "created_at": "2026-07-07T11:36:57.258Z",
    "user": null,
    "history_date": "2026-07-07T11:36:57.259Z",
    "history_change_reason": null,
    "history_type": "+",
    "history_user": null
  }
},
{
  "model": "management.historicalclient",
  "pk": 73,
  "fields": {
    "id": "d327d5b0-c794-4bdb-90b2-3f40a22526a5",
    "client_number": "C-013",
    "name": "Sher Ali Khan",
    "cnic": "15404-3456782-5",
    "mobile_number": "0946-334455",
    "address": "Asharaat, Swat",
    "portal_password": null,
    "created_at": "2026-07-07T11:36:57.264Z",
    "user": null,
    "history_date": "2026-07-07T11:36:57.264Z",
    "history_change_reason": null,
    "history_type": "+",
    "history_user": null
  }
},
{
  "model": "management.historicalclient",
  "pk": 74,
  "fields": {
    "id": "b97765fa-0a92-4172-ae99-1268667cf6ab",
    "client_number": "C-014",
    "name": "Bakht Munir",
    "cnic": "15405-4567893-7",
    "mobile_number": "0946-445566",
    "address": "Fizagat, Swat",
    "portal_password": null,
    "created_at": "2026-07-07T11:36:57.269Z",
    "user": null,
    "history_date": "2026-07-07T11:36:57.269Z",
    "history_change_reason": null,
    "history_type": "+",
    "history_user": null
  }
},
{
  "model": "management.historicalclient",
  "pk": 75,
  "fields": {
    "id": "99b47c09-a7f0-4013-ab1a-cf0807fb7be1",
    "client_number": "C-015",
    "name": "Wazir Zada Khattak",
    "cnic": "15405-5678904-9",
    "mobile_number": "0946-556677",
    "address": "Green Chowk, Mingora",
    "portal_password": null,
    "created_at": "2026-07-07T11:36:57.273Z",
    "user": null,
    "history_date": "2026-07-07T11:36:57.273Z",
    "history_change_reason": null,
    "history_type": "+",
    "history_user": null
  }
},
{
  "model": "management.historicalclient",
  "pk": 76,
  "fields": {
    "id": "fbe574b4-4cbb-4268-b6d8-e42d8b8e1a94",
    "client_number": "C-009",
    "name": "Khalid Pervez Afridi",
    "cnic": "15403-9012345-7",
    "mobile_number": "0946-999012",
    "address": "Barikot, Swat",
    "portal_password": null,
    "created_at": "2026-07-07T11:36:57.245Z",
    "user": null,
    "history_date": "2026-07-07T11:38:08.110Z",
    "history_change_reason": null,
    "history_type": "-",
    "history_user": null
  }
},
{
  "model": "management.historicalclient",
  "pk": 77,
  "fields": {
    "id": "f96c0bea-eda3-4eb7-b1d6-ecfb76080aa4",
    "client_number": "C-003",
    "name": "Gul Badshah",
    "cnic": "15401-3456789-5",
    "mobile_number": "0946-333456",
    "address": "Matta, Swat",
    "portal_password": null,
    "created_at": "2026-07-07T11:36:57.219Z",
    "user": null,
    "history_date": "2026-07-07T11:38:08.112Z",
    "history_change_reason": null,
    "history_type": "-",
    "history_user": null
  }
},
{
  "model": "management.historicalclient",
  "pk": 78,
  "fields": {
    "id": "f7c65f8d-5ac0-434e-8c86-17fa03919485",
    "client_number": "C-005",
    "name": "Noor Muhammad Swati",
    "cnic": "15401-5678901-9",
    "mobile_number": "0946-555678",
    "address": "Bahrain, Swat",
    "portal_password": null,
    "created_at": "2026-07-07T11:36:57.228Z",
    "user": null,
    "history_date": "2026-07-07T11:38:08.113Z",
    "history_change_reason": null,
    "history_type": "-",
    "history_user": null
  }
},
{
  "model": "management.historicalclient",
  "pk": 79,
  "fields": {
    "id": "f58d4579-5ed9-4cf5-be8a-2df67160f694",
    "client_number": "C-008",
    "name": "Abdul Malik Akhundzada",
    "cnic": "15402-8901234-5",
    "mobile_number": "0946-888901",
    "address": "Kabal, Swat",
    "portal_password": null,
    "created_at": "2026-07-07T11:36:57.241Z",
    "user": null,
    "history_date": "2026-07-07T11:38:08.114Z",
    "history_change_reason": null,
    "history_type": "-",
    "history_user": null
  }
},
{
  "model": "management.historicalclient",
  "pk": 80,
  "fields": {
    "id": "e02e8204-deef-41cb-a555-20d7a9b1daa2",
    "client_number": "C-010",
    "name": "Zarghoon Khan",
    "cnic": "15403-0123456-9",
    "mobile_number": "0946-000123",
    "address": "Landakai, Swat",
    "portal_password": null,
    "created_at": "2026-07-07T11:36:57.250Z",
    "user": null,
    "history_date": "2026-07-07T11:38:08.115Z",
    "history_change_reason": null,
    "history_type": "-",
    "history_user": null
  }
},
{
  "model": "management.historicalclient",
  "pk": 81,
  "fields": {
    "id": "d6a349d9-8522-4fdb-94c1-02e1a718e427",
    "client_number": "C-002",
    "name": "Fazal Rehman Yousafzai",
    "cnic": "15401-2345678-3",
    "mobile_number": "0946-222345",
    "address": "Saidu Sharif, Swat",
    "portal_password": null,
    "created_at": "2026-07-07T11:36:57.215Z",
    "user": null,
    "history_date": "2026-07-07T11:38:08.115Z",
    "history_change_reason": null,
    "history_type": "-",
    "history_user": null
  }
},
{
  "model": "management.historicalclient",
  "pk": 82,
  "fields": {
    "id": "d327d5b0-c794-4bdb-90b2-3f40a22526a5",
    "client_number": "C-013",
    "name": "Sher Ali Khan",
    "cnic": "15404-3456782-5",
    "mobile_number": "0946-334455",
    "address": "Asharaat, Swat",
    "portal_password": null,
    "created_at": "2026-07-07T11:36:57.264Z",
    "user": null,
    "history_date": "2026-07-07T11:38:08.116Z",
    "history_change_reason": null,
    "history_type": "-",
    "history_user": null
  }
},
{
  "model": "management.historicalclient",
  "pk": 83,
  "fields": {
    "id": "c8d9355d-7de7-4913-aaa2-4efeedd1bc84",
    "client_number": "C-007",
    "name": "Tariq Hussain Wazir",
    "cnic": "15402-7890123-3",
    "mobile_number": "0946-777890",
    "address": "Charbagh, Swat",
    "portal_password": null,
    "created_at": "2026-07-07T11:36:57.237Z",
    "user": null,
    "history_date": "2026-07-07T11:38:08.117Z",
    "history_change_reason": null,
    "history_type": "-",
    "history_user": null
  }
},
{
  "model": "management.historicalclient",
  "pk": 84,
  "fields": {
    "id": "c25e9388-b27e-4373-aeb5-d6c430a40651",
    "client_number": "C-012",
    "name": "Riaz Ul Haq",
    "cnic": "15404-2345671-3",
    "mobile_number": "0946-223344",
    "address": "Fatehpur, Swat",
    "portal_password": null,
    "created_at": "2026-07-07T11:36:57.258Z",
    "user": null,
    "history_date": "2026-07-07T11:38:08.118Z",
    "history_change_reason": null,
    "history_type": "-",
    "history_user": null
  }
},
{
  "model": "management.historicalclient",
  "pk": 85,
  "fields": {
    "id": "b97765fa-0a92-4172-ae99-1268667cf6ab",
    "client_number": "C-014",
    "name": "Bakht Munir",
    "cnic": "15405-4567893-7",
    "mobile_number": "0946-445566",
    "address": "Fizagat, Swat",
    "portal_password": null,
    "created_at": "2026-07-07T11:36:57.269Z",
    "user": null,
    "history_date": "2026-07-07T11:38:08.118Z",
    "history_change_reason": null,
    "history_type": "-",
    "history_user": null
  }
},
{
  "model": "management.historicalclient",
  "pk": 86,
  "fields": {
    "id": "99b47c09-a7f0-4013-ab1a-cf0807fb7be1",
    "client_number": "C-015",
    "name": "Wazir Zada Khattak",
    "cnic": "15405-5678904-9",
    "mobile_number": "0946-556677",
    "address": "Green Chowk, Mingora",
    "portal_password": null,
    "created_at": "2026-07-07T11:36:57.273Z",
    "user": null,
    "history_date": "2026-07-07T11:38:08.119Z",
    "history_change_reason": null,
    "history_type": "-",
    "history_user": null
  }
},
{
  "model": "management.historicalclient",
  "pk": 87,
  "fields": {
    "id": "58c35a84-ea85-4ac3-ad7d-0de4ddc11e78",
    "client_number": "C-006",
    "name": "Imran Ali Shah",
    "cnic": "15402-6789012-1",
    "mobile_number": "0946-666789",
    "address": "Madyan, Swat",
    "portal_password": null,
    "created_at": "2026-07-07T11:36:57.232Z",
    "user": null,
    "history_date": "2026-07-07T11:38:08.120Z",
    "history_change_reason": null,
    "history_type": "-",
    "history_user": null
  }
},
{
  "model": "management.historicalclient",
  "pk": 88,
  "fields": {
    "id": "26648bf1-52f8-4971-a320-91c31e6acdc5",
    "client_number": "C-004",
    "name": "Shahid Ullah Khan",
    "cnic": "15401-4567890-7",
    "mobile_number": "0946-444567",
    "address": "Khwazakhela, Swat",
    "portal_password": null,
    "created_at": "2026-07-07T11:36:57.224Z",
    "user": null,
    "history_date": "2026-07-07T11:38:08.121Z",
    "history_change_reason": null,
    "history_type": "-",
    "history_user": null
  }
},
{
  "model": "management.historicalclient",
  "pk": 89,
  "fields": {
    "id": "0c0bae56-bea9-422f-bce4-353dc187a872",
    "client_number": "C-011",
    "name": "Naseer Ahmad Yusuf",
    "cnic": "15404-1234560-1",
    "mobile_number": "0946-112233",
    "address": "Miandam, Swat",
    "portal_password": null,
    "created_at": "2026-07-07T11:36:57.254Z",
    "user": null,
    "history_date": "2026-07-07T11:38:08.122Z",
    "history_change_reason": null,
    "history_type": "-",
    "history_user": null
  }
},
{
  "model": "management.historicalclient",
  "pk": 90,
  "fields": {
    "id": "05d7eaac-d39e-4a5d-b682-ca188df1f4a0",
    "client_number": "C-001",
    "name": "Muhammad Azam Khan",
    "cnic": "15401-1234567-1",
    "mobile_number": "0946-111234",
    "address": "Mingora, Swat",
    "portal_password": null,
    "created_at": "2026-07-07T11:36:57.210Z",
    "user": null,
    "history_date": "2026-07-07T11:38:08.123Z",
    "history_change_reason": null,
    "history_type": "-",
    "history_user": null
  }
},
{
  "model": "management.historicalclient",
  "pk": 91,
  "fields": {
    "id": "63b6234a-fd29-4327-88bd-ae5f518b23fa",
    "client_number": "C-001",
    "name": "Muhammad Azam Khan",
    "cnic": "15401-1234567-1",
    "mobile_number": "0946-111234",
    "address": "Mingora, Swat",
    "portal_password": null,
    "created_at": "2026-07-07T11:38:09.259Z",
    "user": null,
    "history_date": "2026-07-07T11:38:09.260Z",
    "history_change_reason": null,
    "history_type": "+",
    "history_user": null
  }
},
{
  "model": "management.historicalclient",
  "pk": 92,
  "fields": {
    "id": "c75eec89-65fb-4e96-a166-e9b9a07da3dd",
    "client_number": "C-002",
    "name": "Fazal Rehman Yousafzai",
    "cnic": "15401-2345678-3",
    "mobile_number": "0946-222345",
    "address": "Saidu Sharif, Swat",
    "portal_password": null,
    "created_at": "2026-07-07T11:38:09.264Z",
    "user": null,
    "history_date": "2026-07-07T11:38:09.264Z",
    "history_change_reason": null,
    "history_type": "+",
    "history_user": null
  }
},
{
  "model": "management.historicalclient",
  "pk": 93,
  "fields": {
    "id": "1a04ddd2-9153-429a-905d-54d09e85e586",
    "client_number": "C-003",
    "name": "Gul Badshah",
    "cnic": "15401-3456789-5",
    "mobile_number": "0946-333456",
    "address": "Matta, Swat",
    "portal_password": null,
    "created_at": "2026-07-07T11:38:09.268Z",
    "user": null,
    "history_date": "2026-07-07T11:38:09.268Z",
    "history_change_reason": null,
    "history_type": "+",
    "history_user": null
  }
},
{
  "model": "management.historicalclient",
  "pk": 94,
  "fields": {
    "id": "e91e727c-3070-40de-beaf-815dd85eca6d",
    "client_number": "C-004",
    "name": "Shahid Ullah Khan",
    "cnic": "15401-4567890-7",
    "mobile_number": "0946-444567",
    "address": "Khwazakhela, Swat",
    "portal_password": null,
    "created_at": "2026-07-07T11:38:09.274Z",
    "user": null,
    "history_date": "2026-07-07T11:38:09.275Z",
    "history_change_reason": null,
    "history_type": "+",
    "history_user": null
  }
},
{
  "model": "management.historicalclient",
  "pk": 95,
  "fields": {
    "id": "d6dcf18d-0467-4b4d-a69f-9595a09116c3",
    "client_number": "C-005",
    "name": "Noor Muhammad Swati",
    "cnic": "15401-5678901-9",
    "mobile_number": "0946-555678",
    "address": "Bahrain, Swat",
    "portal_password": null,
    "created_at": "2026-07-07T11:38:09.279Z",
    "user": null,
    "history_date": "2026-07-07T11:38:09.280Z",
    "history_change_reason": null,
    "history_type": "+",
    "history_user": null
  }
},
{
  "model": "management.historicalclient",
  "pk": 96,
  "fields": {
    "id": "6ff25307-9eb5-4bdb-b6fa-a975d3dfb8ed",
    "client_number": "C-006",
    "name": "Imran Ali Shah",
    "cnic": "15402-6789012-1",
    "mobile_number": "0946-666789",
    "address": "Madyan, Swat",
    "portal_password": null,
    "created_at": "2026-07-07T11:38:09.284Z",
    "user": null,
    "history_date": "2026-07-07T11:38:09.285Z",
    "history_change_reason": null,
    "history_type": "+",
    "history_user": null
  }
},
{
  "model": "management.historicalclient",
  "pk": 97,
  "fields": {
    "id": "b747e9a8-10e4-4f01-a082-7d99c24939a1",
    "client_number": "C-007",
    "name": "Tariq Hussain Wazir",
    "cnic": "15402-7890123-3",
    "mobile_number": "0946-777890",
    "address": "Charbagh, Swat",
    "portal_password": null,
    "created_at": "2026-07-07T11:38:09.290Z",
    "user": null,
    "history_date": "2026-07-07T11:38:09.290Z",
    "history_change_reason": null,
    "history_type": "+",
    "history_user": null
  }
},
{
  "model": "management.historicalclient",
  "pk": 98,
  "fields": {
    "id": "ef526033-bf19-41db-81b1-97ee1f7bc630",
    "client_number": "C-008",
    "name": "Abdul Malik Akhundzada",
    "cnic": "15402-8901234-5",
    "mobile_number": "0946-888901",
    "address": "Kabal, Swat",
    "portal_password": null,
    "created_at": "2026-07-07T11:38:09.295Z",
    "user": null,
    "history_date": "2026-07-07T11:38:09.295Z",
    "history_change_reason": null,
    "history_type": "+",
    "history_user": null
  }
},
{
  "model": "management.historicalclient",
  "pk": 99,
  "fields": {
    "id": "1d4560b8-95bf-4aa2-a568-b143b2074487",
    "client_number": "C-009",
    "name": "Khalid Pervez Afridi",
    "cnic": "15403-9012345-7",
    "mobile_number": "0946-999012",
    "address": "Barikot, Swat",
    "portal_password": null,
    "created_at": "2026-07-07T11:38:09.300Z",
    "user": null,
    "history_date": "2026-07-07T11:38:09.300Z",
    "history_change_reason": null,
    "history_type": "+",
    "history_user": null
  }
},
{
  "model": "management.historicalclient",
  "pk": 100,
  "fields": {
    "id": "fde0410c-7d84-4277-8b14-ea3d117a0cdb",
    "client_number": "C-010",
    "name": "Zarghoon Khan",
    "cnic": "15403-0123456-9",
    "mobile_number": "0946-000123",
    "address": "Landakai, Swat",
    "portal_password": null,
    "created_at": "2026-07-07T11:38:09.304Z",
    "user": null,
    "history_date": "2026-07-07T11:38:09.305Z",
    "history_change_reason": null,
    "history_type": "+",
    "history_user": null
  }
},
{
  "model": "management.historicalclient",
  "pk": 101,
  "fields": {
    "id": "18519aa9-9a01-487d-a193-a0579b7267a0",
    "client_number": "C-011",
    "name": "Naseer Ahmad Yusuf",
    "cnic": "15404-1234560-1",
    "mobile_number": "0946-112233",
    "address": "Miandam, Swat",
    "portal_password": null,
    "created_at": "2026-07-07T11:38:09.310Z",
    "user": null,
    "history_date": "2026-07-07T11:38:09.310Z",
    "history_change_reason": null,
    "history_type": "+",
    "history_user": null
  }
},
{
  "model": "management.historicalclient",
  "pk": 102,
  "fields": {
    "id": "bc571629-38ee-4eb0-837b-b77d37b3e625",
    "client_number": "C-012",
    "name": "Riaz Ul Haq",
    "cnic": "15404-2345671-3",
    "mobile_number": "0946-223344",
    "address": "Fatehpur, Swat",
    "portal_password": null,
    "created_at": "2026-07-07T11:38:09.315Z",
    "user": null,
    "history_date": "2026-07-07T11:38:09.316Z",
    "history_change_reason": null,
    "history_type": "+",
    "history_user": null
  }
},
{
  "model": "management.historicalclient",
  "pk": 103,
  "fields": {
    "id": "e20a0b35-4cda-4ca9-a22b-f228a127e390",
    "client_number": "C-013",
    "name": "Sher Ali Khan",
    "cnic": "15404-3456782-5",
    "mobile_number": "0946-334455",
    "address": "Asharaat, Swat",
    "portal_password": null,
    "created_at": "2026-07-07T11:38:09.321Z",
    "user": null,
    "history_date": "2026-07-07T11:38:09.322Z",
    "history_change_reason": null,
    "history_type": "+",
    "history_user": null
  }
},
{
  "model": "management.historicalclient",
  "pk": 104,
  "fields": {
    "id": "956369d0-d291-4f27-8035-a13698ef1991",
    "client_number": "C-014",
    "name": "Bakht Munir",
    "cnic": "15405-4567893-7",
    "mobile_number": "0946-445566",
    "address": "Fizagat, Swat",
    "portal_password": null,
    "created_at": "2026-07-07T11:38:09.327Z",
    "user": null,
    "history_date": "2026-07-07T11:38:09.328Z",
    "history_change_reason": null,
    "history_type": "+",
    "history_user": null
  }
},
{
  "model": "management.historicalclient",
  "pk": 105,
  "fields": {
    "id": "b0850ab1-98ca-4abd-af7c-1c4a91b272e4",
    "client_number": "C-015",
    "name": "Wazir Zada Khattak",
    "cnic": "15405-5678904-9",
    "mobile_number": "0946-556677",
    "address": "Green Chowk, Mingora",
    "portal_password": null,
    "created_at": "2026-07-07T11:38:09.333Z",
    "user": null,
    "history_date": "2026-07-07T11:38:09.334Z",
    "history_change_reason": null,
    "history_type": "+",
    "history_user": null
  }
},
{
  "model": "management.historicalclient",
  "pk": 106,
  "fields": {
    "id": "1f0e39b6-d544-4079-bcda-beffc33717aa",
    "client_number": "C-016",
    "name": "Tahir Shah",
    "cnic": "25395-3009409",
    "mobile_number": "dklgj;lk",
    "address": "kljfa;lksdjfa",
    "portal_password": null,
    "created_at": "2026-07-07T12:11:29.560Z",
    "user": null,
    "history_date": "2026-07-07T12:11:29.563Z",
    "history_change_reason": null,
    "history_type": "+",
    "history_user": 1
  }
},
{
  "model": "management.historicalclient",
  "pk": 107,
  "fields": {
    "id": "1f0e39b6-d544-4079-bcda-beffc33717aa",
    "client_number": "C-016",
    "name": "Tahir Shah",
    "cnic": "25395-3009409",
    "mobile_number": "dklgj;lk",
    "address": "kljfa;lksdjfa",
    "portal_password": null,
    "created_at": "2026-07-07T12:11:29.560Z",
    "user": 14,
    "history_date": "2026-07-07T12:11:29.869Z",
    "history_change_reason": null,
    "history_type": "~",
    "history_user": 1
  }
},
{
  "model": "management.historicalclient",
  "pk": 108,
  "fields": {
    "id": "1f0e39b6-d544-4079-bcda-beffc33717aa",
    "client_number": "C-016",
    "name": "Tahir Shah",
    "cnic": "25395-3009409",
    "mobile_number": "dklgj;lk",
    "address": "kljfa;lksdjfa",
    "portal_password": "IlVSH5uipBYm",
    "created_at": "2026-07-07T12:11:29.560Z",
    "user": 14,
    "history_date": "2026-07-07T12:20:13.592Z",
    "history_change_reason": null,
    "history_type": "~",
    "history_user": 1
  }
},
{
  "model": "management.historicalclient",
  "pk": 109,
  "fields": {
    "id": "a7562220-4fa0-4695-b0d9-4a74ff793170",
    "client_number": "C-017",
    "name": "Tahir Shah",
    "cnic": "15602-7077367-9",
    "mobile_number": "03405545150",
    "address": "fahsd;fkja;slkj",
    "portal_password": null,
    "created_at": "2026-07-18T19:28:06.908Z",
    "user": null,
    "history_date": "2026-07-18T19:28:06.910Z",
    "history_change_reason": null,
    "history_type": "+",
    "history_user": 1
  }
},
{
  "model": "management.historicalclient",
  "pk": 110,
  "fields": {
    "id": "a7562220-4fa0-4695-b0d9-4a74ff793170",
    "client_number": "C-017",
    "name": "Tahir Shah",
    "cnic": "15602-7077367-9",
    "mobile_number": "03405545150",
    "address": "fahsd;fkja;slkj",
    "portal_password": "0UQLWGjr8snZ",
    "created_at": "2026-07-18T19:28:06.908Z",
    "user": 15,
    "history_date": "2026-07-18T19:28:07.331Z",
    "history_change_reason": null,
    "history_type": "~",
    "history_user": 1
  }
},
{
  "model": "management.historicalclient",
  "pk": 111,
  "fields": {
    "id": "7c3a3074-3108-4eac-a48b-565621867bbd",
    "client_number": "C-018",
    "name": "Maaz",
    "cnic": "11918-988998",
    "mobile_number": "208098",
    "address": "098098",
    "portal_password": null,
    "created_at": "2026-07-18T19:37:53.923Z",
    "user": null,
    "history_date": "2026-07-18T19:37:53.925Z",
    "history_change_reason": null,
    "history_type": "+",
    "history_user": 1
  }
},
{
  "model": "management.historicalclient",
  "pk": 112,
  "fields": {
    "id": "7c3a3074-3108-4eac-a48b-565621867bbd",
    "client_number": "C-018",
    "name": "Maaz",
    "cnic": "11918-988998",
    "mobile_number": "208098",
    "address": "098098",
    "portal_password": "czeFGwHeq0Dn",
    "created_at": "2026-07-18T19:37:53.923Z",
    "user": 16,
    "history_date": "2026-07-18T19:37:54.485Z",
    "history_change_reason": null,
    "history_type": "~",
    "history_user": 1
  }
},
{
  "model": "management.client",
  "pk": "18519aa9-9a01-487d-a193-a0579b7267a0",
  "fields": {
    "user": null,
    "client_number": "C-011",
    "name": "Naseer Ahmad Yusuf",
    "cnic": "15404-1234560-1",
    "mobile_number": "0946-112233",
    "address": "Miandam, Swat",
    "portal_password": null,
    "created_at": "2026-07-07T11:38:09.310Z"
  }
},
{
  "model": "management.client",
  "pk": "1a04ddd2-9153-429a-905d-54d09e85e586",
  "fields": {
    "user": null,
    "client_number": "C-003",
    "name": "Gul Badshah",
    "cnic": "15401-3456789-5",
    "mobile_number": "0946-333456",
    "address": "Matta, Swat",
    "portal_password": null,
    "created_at": "2026-07-07T11:38:09.268Z"
  }
},
{
  "model": "management.client",
  "pk": "1d4560b8-95bf-4aa2-a568-b143b2074487",
  "fields": {
    "user": null,
    "client_number": "C-009",
    "name": "Khalid Pervez Afridi",
    "cnic": "15403-9012345-7",
    "mobile_number": "0946-999012",
    "address": "Barikot, Swat",
    "portal_password": null,
    "created_at": "2026-07-07T11:38:09.300Z"
  }
},
{
  "model": "management.client",
  "pk": "1f0e39b6-d544-4079-bcda-beffc33717aa",
  "fields": {
    "user": 14,
    "client_number": "C-016",
    "name": "Tahir Shah",
    "cnic": "25395-3009409",
    "mobile_number": "dklgj;lk",
    "address": "kljfa;lksdjfa",
    "portal_password": "IlVSH5uipBYm",
    "created_at": "2026-07-07T12:11:29.560Z"
  }
},
{
  "model": "management.client",
  "pk": "63b6234a-fd29-4327-88bd-ae5f518b23fa",
  "fields": {
    "user": null,
    "client_number": "C-001",
    "name": "Muhammad Azam Khan",
    "cnic": "15401-1234567-1",
    "mobile_number": "0946-111234",
    "address": "Mingora, Swat",
    "portal_password": null,
    "created_at": "2026-07-07T11:38:09.259Z"
  }
},
{
  "model": "management.client",
  "pk": "6ff25307-9eb5-4bdb-b6fa-a975d3dfb8ed",
  "fields": {
    "user": null,
    "client_number": "C-006",
    "name": "Imran Ali Shah",
    "cnic": "15402-6789012-1",
    "mobile_number": "0946-666789",
    "address": "Madyan, Swat",
    "portal_password": null,
    "created_at": "2026-07-07T11:38:09.284Z"
  }
},
{
  "model": "management.client",
  "pk": "7c3a3074-3108-4eac-a48b-565621867bbd",
  "fields": {
    "user": 16,
    "client_number": "C-018",
    "name": "Maaz",
    "cnic": "11918-988998",
    "mobile_number": "208098",
    "address": "098098",
    "portal_password": "czeFGwHeq0Dn",
    "created_at": "2026-07-18T19:37:53.923Z"
  }
},
{
  "model": "management.client",
  "pk": "956369d0-d291-4f27-8035-a13698ef1991",
  "fields": {
    "user": null,
    "client_number": "C-014",
    "name": "Bakht Munir",
    "cnic": "15405-4567893-7",
    "mobile_number": "0946-445566",
    "address": "Fizagat, Swat",
    "portal_password": null,
    "created_at": "2026-07-07T11:38:09.327Z"
  }
},
{
  "model": "management.client",
  "pk": "a7562220-4fa0-4695-b0d9-4a74ff793170",
  "fields": {
    "user": 15,
    "client_number": "C-017",
    "name": "Tahir Shah",
    "cnic": "15602-7077367-9",
    "mobile_number": "03405545150",
    "address": "fahsd;fkja;slkj",
    "portal_password": "0UQLWGjr8snZ",
    "created_at": "2026-07-18T19:28:06.908Z"
  }
},
{
  "model": "management.client",
  "pk": "b0850ab1-98ca-4abd-af7c-1c4a91b272e4",
  "fields": {
    "user": null,
    "client_number": "C-015",
    "name": "Wazir Zada Khattak",
    "cnic": "15405-5678904-9",
    "mobile_number": "0946-556677",
    "address": "Green Chowk, Mingora",
    "portal_password": null,
    "created_at": "2026-07-07T11:38:09.333Z"
  }
},
{
  "model": "management.client",
  "pk": "b747e9a8-10e4-4f01-a082-7d99c24939a1",
  "fields": {
    "user": null,
    "client_number": "C-007",
    "name": "Tariq Hussain Wazir",
    "cnic": "15402-7890123-3",
    "mobile_number": "0946-777890",
    "address": "Charbagh, Swat",
    "portal_password": null,
    "created_at": "2026-07-07T11:38:09.290Z"
  }
},
{
  "model": "management.client",
  "pk": "bc571629-38ee-4eb0-837b-b77d37b3e625",
  "fields": {
    "user": null,
    "client_number": "C-012",
    "name": "Riaz Ul Haq",
    "cnic": "15404-2345671-3",
    "mobile_number": "0946-223344",
    "address": "Fatehpur, Swat",
    "portal_password": null,
    "created_at": "2026-07-07T11:38:09.315Z"
  }
},
{
  "model": "management.client",
  "pk": "c75eec89-65fb-4e96-a166-e9b9a07da3dd",
  "fields": {
    "user": null,
    "client_number": "C-002",
    "name": "Fazal Rehman Yousafzai",
    "cnic": "15401-2345678-3",
    "mobile_number": "0946-222345",
    "address": "Saidu Sharif, Swat",
    "portal_password": null,
    "created_at": "2026-07-07T11:38:09.264Z"
  }
},
{
  "model": "management.client",
  "pk": "d6dcf18d-0467-4b4d-a69f-9595a09116c3",
  "fields": {
    "user": null,
    "client_number": "C-005",
    "name": "Noor Muhammad Swati",
    "cnic": "15401-5678901-9",
    "mobile_number": "0946-555678",
    "address": "Bahrain, Swat",
    "portal_password": null,
    "created_at": "2026-07-07T11:38:09.279Z"
  }
},
{
  "model": "management.client",
  "pk": "e20a0b35-4cda-4ca9-a22b-f228a127e390",
  "fields": {
    "user": null,
    "client_number": "C-013",
    "name": "Sher Ali Khan",
    "cnic": "15404-3456782-5",
    "mobile_number": "0946-334455",
    "address": "Asharaat, Swat",
    "portal_password": null,
    "created_at": "2026-07-07T11:38:09.321Z"
  }
},
{
  "model": "management.client",
  "pk": "e91e727c-3070-40de-beaf-815dd85eca6d",
  "fields": {
    "user": null,
    "client_number": "C-004",
    "name": "Shahid Ullah Khan",
    "cnic": "15401-4567890-7",
    "mobile_number": "0946-444567",
    "address": "Khwazakhela, Swat",
    "portal_password": null,
    "created_at": "2026-07-07T11:38:09.274Z"
  }
},
{
  "model": "management.client",
  "pk": "ef526033-bf19-41db-81b1-97ee1f7bc630",
  "fields": {
    "user": null,
    "client_number": "C-008",
    "name": "Abdul Malik Akhundzada",
    "cnic": "15402-8901234-5",
    "mobile_number": "0946-888901",
    "address": "Kabal, Swat",
    "portal_password": null,
    "created_at": "2026-07-07T11:38:09.295Z"
  }
},
{
  "model": "management.client",
  "pk": "fde0410c-7d84-4277-8b14-ea3d117a0cdb",
  "fields": {
    "user": null,
    "client_number": "C-010",
    "name": "Zarghoon Khan",
    "cnic": "15403-0123456-9",
    "mobile_number": "0946-000123",
    "address": "Landakai, Swat",
    "portal_password": null,
    "created_at": "2026-07-07T11:38:09.304Z"
  }
},
{
  "model": "management.historicalcourt",
  "pk": 1,
  "fields": {
    "id": "341a434e-c454-4807-8b78-babd645db1b3",
    "name": "CIvial",
    "type": "District Court",
    "district": "Swat",
    "tehsil": "Matta",
    "court_room": "442",
    "created_at": "2026-07-17T16:03:09.379Z",
    "history_date": "2026-07-17T16:03:09.382Z",
    "history_change_reason": null,
    "history_type": "+",
    "history_user": 1
  }
},
{
  "model": "management.court",
  "pk": "341a434e-c454-4807-8b78-babd645db1b3",
  "fields": {
    "name": "CIvial",
    "type": "District Court",
    "district": "Swat",
    "tehsil": "Matta",
    "court_room": "442",
    "created_at": "2026-07-17T16:03:09.379Z"
  }
},
{
  "model": "management.judge",
  "pk": "fdc12c6c-77a1-4d6c-8d58-285b4204e364",
  "fields": {
    "name": "Unknown Judge",
    "court": "341a434e-c454-4807-8b78-babd645db1b3",
    "designation": "Unknown",
    "notes": null,
    "created_at": "2026-07-17T17:21:53.424Z"
  }
},
{
  "model": "management.historicalcase",
  "pk": 119,
  "fields": {
    "id": "c07906b4-6e3a-4978-a534-c5d82609946e",
    "case_number": "hj",
    "opponent_name": "dfghjk",
    "total_fee": "50000.00",
    "status": "Documentation Pending",
    "category": "Criminal",
    "priority": "High",
    "filing_deadline": null,
    "created_at": "2026-07-17T16:03:45.385Z",
    "client": "1f0e39b6-d544-4079-bcda-beffc33717aa",
    "assigned_to": 1,
    "court": "341a434e-c454-4807-8b78-babd645db1b3",
    "judge": null,
    "history_date": "2026-07-17T16:03:45.386Z",
    "history_change_reason": null,
    "history_type": "+",
    "history_user": 1
  }
},
{
  "model": "management.historicalcase",
  "pk": 120,
  "fields": {
    "id": "c07906b4-6e3a-4978-a534-c5d82609946e",
    "case_number": "hj",
    "opponent_name": "dfghjk",
    "total_fee": "50000.00",
    "status": "Documentation Pending",
    "category": "Criminal",
    "priority": "High",
    "filing_deadline": null,
    "created_at": "2026-07-17T16:03:45.385Z",
    "client": "1f0e39b6-d544-4079-bcda-beffc33717aa",
    "assigned_to": 1,
    "court": "341a434e-c454-4807-8b78-babd645db1b3",
    "judge": null,
    "history_date": "2026-07-17T16:05:30.838Z",
    "history_change_reason": null,
    "history_type": "-",
    "history_user": 1
  }
},
{
  "model": "management.historicalcase",
  "pk": 121,
  "fields": {
    "id": "da31f6a1-2a7c-4524-911e-d8a606aa8331",
    "case_number": "dfgh`",
    "opponent_name": "sdfghjkl",
    "total_fee": "23456789.00",
    "status": "Case Accepted",
    "category": "Family",
    "priority": "Medium",
    "filing_deadline": null,
    "created_at": "2026-07-17T16:05:45.387Z",
    "client": "1f0e39b6-d544-4079-bcda-beffc33717aa",
    "assigned_to": 11,
    "court": "341a434e-c454-4807-8b78-babd645db1b3",
    "judge": null,
    "history_date": "2026-07-17T16:05:45.389Z",
    "history_change_reason": null,
    "history_type": "+",
    "history_user": 1
  }
},
{
  "model": "management.historicalcase",
  "pk": 122,
  "fields": {
    "id": "da31f6a1-2a7c-4524-911e-d8a606aa8331",
    "case_number": "dfgh`",
    "opponent_name": "sdfghjkl",
    "total_fee": "23456789.00",
    "status": "Documentation Pending",
    "category": "Family",
    "priority": "Medium",
    "filing_deadline": null,
    "created_at": "2026-07-17T16:05:45.387Z",
    "client": "1f0e39b6-d544-4079-bcda-beffc33717aa",
    "assigned_to": 11,
    "court": "341a434e-c454-4807-8b78-babd645db1b3",
    "judge": null,
    "history_date": "2026-07-17T16:05:51.212Z",
    "history_change_reason": null,
    "history_type": "~",
    "history_user": 1
  }
},
{
  "model": "management.historicalcase",
  "pk": 123,
  "fields": {
    "id": "da31f6a1-2a7c-4524-911e-d8a606aa8331",
    "case_number": "dfgh`",
    "opponent_name": "sdfghjkl",
    "total_fee": "23456789.00",
    "status": "Filed",
    "category": "Family",
    "priority": "Medium",
    "filing_deadline": null,
    "created_at": "2026-07-17T16:05:45.387Z",
    "client": "1f0e39b6-d544-4079-bcda-beffc33717aa",
    "assigned_to": 11,
    "court": "341a434e-c454-4807-8b78-babd645db1b3",
    "judge": null,
    "history_date": "2026-07-17T16:05:52.926Z",
    "history_change_reason": null,
    "history_type": "~",
    "history_user": 1
  }
},
{
  "model": "management.historicalcase",
  "pk": 124,
  "fields": {
    "id": "5f19c552-adb8-4f7a-ad70-d8aca310add2",
    "case_number": "asdfa",
    "opponent_name": "fasdfa",
    "total_fee": "244343.00",
    "status": "Case Accepted",
    "category": "Civil",
    "priority": "Medium",
    "filing_deadline": null,
    "created_at": "2026-07-17T16:07:21.344Z",
    "client": "b0850ab1-98ca-4abd-af7c-1c4a91b272e4",
    "assigned_to": 1,
    "court": "341a434e-c454-4807-8b78-babd645db1b3",
    "judge": null,
    "history_date": "2026-07-17T16:07:21.354Z",
    "history_change_reason": null,
    "history_type": "+",
    "history_user": 1
  }
},
{
  "model": "management.historicalcase",
  "pk": 125,
  "fields": {
    "id": "6ac11b1b-ca35-4cd0-996a-bd731f363021",
    "case_number": "ertyui",
    "opponent_name": "sdfghj",
    "total_fee": "100000.00",
    "status": "Case Accepted",
    "category": "Tax",
    "priority": "Medium",
    "filing_deadline": null,
    "created_at": "2026-07-18T19:12:33.349Z",
    "client": "1f0e39b6-d544-4079-bcda-beffc33717aa",
    "assigned_to": 1,
    "court": "341a434e-c454-4807-8b78-babd645db1b3",
    "judge": "fdc12c6c-77a1-4d6c-8d58-285b4204e364",
    "history_date": "2026-07-18T19:12:33.364Z",
    "history_change_reason": null,
    "history_type": "+",
    "history_user": 1
  }
},
{
  "model": "management.historicalcase",
  "pk": 126,
  "fields": {
    "id": "da31f6a1-2a7c-4524-911e-d8a606aa8331",
    "case_number": "dfgh`",
    "opponent_name": "sdfghjkl",
    "total_fee": "23456789.00",
    "status": "Closed - Won",
    "category": "Family",
    "priority": "Medium",
    "filing_deadline": null,
    "created_at": "2026-07-17T16:05:45.387Z",
    "client": "1f0e39b6-d544-4079-bcda-beffc33717aa",
    "assigned_to": 11,
    "court": "341a434e-c454-4807-8b78-babd645db1b3",
    "judge": "fdc12c6c-77a1-4d6c-8d58-285b4204e364",
    "history_date": "2026-07-18T19:17:39.345Z",
    "history_change_reason": null,
    "history_type": "~",
    "history_user": 1
  }
},
{
  "model": "management.historicalcase",
  "pk": 127,
  "fields": {
    "id": "5f19c552-adb8-4f7a-ad70-d8aca310add2",
    "case_number": "asdfa",
    "opponent_name": "fasdfa",
    "total_fee": "244343.00",
    "status": "Evidence Stage",
    "category": "Civil",
    "priority": "Medium",
    "filing_deadline": null,
    "created_at": "2026-07-17T16:07:21.344Z",
    "client": "b0850ab1-98ca-4abd-af7c-1c4a91b272e4",
    "assigned_to": 1,
    "court": "341a434e-c454-4807-8b78-babd645db1b3",
    "judge": "fdc12c6c-77a1-4d6c-8d58-285b4204e364",
    "history_date": "2026-07-18T19:17:48.349Z",
    "history_change_reason": null,
    "history_type": "~",
    "history_user": 1
  }
},
{
  "model": "management.historicalcase",
  "pk": 128,
  "fields": {
    "id": "5f19c552-adb8-4f7a-ad70-d8aca310add2",
    "case_number": "asdfa",
    "opponent_name": "fasdfa",
    "total_fee": "244343.00",
    "status": "Consultation",
    "category": "Civil",
    "priority": "Medium",
    "filing_deadline": null,
    "created_at": "2026-07-17T16:07:21.344Z",
    "client": "b0850ab1-98ca-4abd-af7c-1c4a91b272e4",
    "assigned_to": 1,
    "court": "341a434e-c454-4807-8b78-babd645db1b3",
    "judge": "fdc12c6c-77a1-4d6c-8d58-285b4204e364",
    "history_date": "2026-07-18T19:17:57.695Z",
    "history_change_reason": null,
    "history_type": "~",
    "history_user": 1
  }
},
{
  "model": "management.historicalcase",
  "pk": 129,
  "fields": {
    "id": "0d2021bc-8f7c-4aad-995d-7537ec74c6ff",
    "case_number": "sdfgh",
    "opponent_name": "Mia",
    "total_fee": "59595959.00",
    "status": "Case Accepted",
    "category": "Tax",
    "priority": "Medium",
    "filing_deadline": null,
    "created_at": "2026-07-18T19:28:40.910Z",
    "client": "a7562220-4fa0-4695-b0d9-4a74ff793170",
    "assigned_to": 1,
    "court": "341a434e-c454-4807-8b78-babd645db1b3",
    "judge": "fdc12c6c-77a1-4d6c-8d58-285b4204e364",
    "history_date": "2026-07-18T19:28:40.913Z",
    "history_change_reason": null,
    "history_type": "+",
    "history_user": 1
  }
},
{
  "model": "management.historicalcase",
  "pk": 130,
  "fields": {
    "id": "0d2021bc-8f7c-4aad-995d-7537ec74c6ff",
    "case_number": "sdfgh",
    "opponent_name": "Mia",
    "total_fee": "59595959.00",
    "status": "Filing in Progress",
    "category": "Tax",
    "priority": "Medium",
    "filing_deadline": null,
    "created_at": "2026-07-18T19:28:40.910Z",
    "client": "a7562220-4fa0-4695-b0d9-4a74ff793170",
    "assigned_to": 1,
    "court": "341a434e-c454-4807-8b78-babd645db1b3",
    "judge": "fdc12c6c-77a1-4d6c-8d58-285b4204e364",
    "history_date": "2026-07-18T19:29:50.873Z",
    "history_change_reason": null,
    "history_type": "~",
    "history_user": 1
  }
},
{
  "model": "management.historicalcase",
  "pk": 135,
  "fields": {
    "id": "0d2021bc-8f7c-4aad-995d-7537ec74c6ff",
    "case_number": "sdfgh",
    "opponent_name": "Mia",
    "total_fee": "59595959.00",
    "status": "Documentation Pending",
    "category": "Tax",
    "priority": "Medium",
    "filing_deadline": null,
    "created_at": "2026-07-18T19:28:40.910Z",
    "client": "a7562220-4fa0-4695-b0d9-4a74ff793170",
    "assigned_to": 1,
    "court": "341a434e-c454-4807-8b78-babd645db1b3",
    "judge": "fdc12c6c-77a1-4d6c-8d58-285b4204e364",
    "history_date": "2026-07-18T19:37:35.425Z",
    "history_change_reason": null,
    "history_type": "~",
    "history_user": 1
  }
},
{
  "model": "management.historicalcase",
  "pk": 136,
  "fields": {
    "id": "6ac11b1b-ca35-4cd0-996a-bd731f363021",
    "case_number": "ertyui",
    "opponent_name": "sdfghj",
    "total_fee": "100000.00",
    "status": "Filed",
    "category": "Tax",
    "priority": "Medium",
    "filing_deadline": null,
    "created_at": "2026-07-18T19:12:33.349Z",
    "client": "1f0e39b6-d544-4079-bcda-beffc33717aa",
    "assigned_to": 1,
    "court": "341a434e-c454-4807-8b78-babd645db1b3",
    "judge": "fdc12c6c-77a1-4d6c-8d58-285b4204e364",
    "history_date": "2026-07-18T19:37:40.293Z",
    "history_change_reason": null,
    "history_type": "~",
    "history_user": 1
  }
},
{
  "model": "management.case",
  "pk": "0d2021bc-8f7c-4aad-995d-7537ec74c6ff",
  "fields": {
    "client": "a7562220-4fa0-4695-b0d9-4a74ff793170",
    "assigned_to": 1,
    "case_number": "sdfgh",
    "court": "341a434e-c454-4807-8b78-babd645db1b3",
    "judge": "fdc12c6c-77a1-4d6c-8d58-285b4204e364",
    "opponent_name": "Mia",
    "total_fee": "59595959.00",
    "status": "Documentation Pending",
    "category": "Tax",
    "priority": "Medium",
    "filing_deadline": null,
    "created_at": "2026-07-18T19:28:40.910Z"
  }
},
{
  "model": "management.case",
  "pk": "5f19c552-adb8-4f7a-ad70-d8aca310add2",
  "fields": {
    "client": "b0850ab1-98ca-4abd-af7c-1c4a91b272e4",
    "assigned_to": 1,
    "case_number": "asdfa",
    "court": "341a434e-c454-4807-8b78-babd645db1b3",
    "judge": "fdc12c6c-77a1-4d6c-8d58-285b4204e364",
    "opponent_name": "fasdfa",
    "total_fee": "244343.00",
    "status": "Consultation",
    "category": "Civil",
    "priority": "Medium",
    "filing_deadline": null,
    "created_at": "2026-07-17T16:07:21.344Z"
  }
},
{
  "model": "management.case",
  "pk": "6ac11b1b-ca35-4cd0-996a-bd731f363021",
  "fields": {
    "client": "1f0e39b6-d544-4079-bcda-beffc33717aa",
    "assigned_to": 1,
    "case_number": "ertyui",
    "court": "341a434e-c454-4807-8b78-babd645db1b3",
    "judge": "fdc12c6c-77a1-4d6c-8d58-285b4204e364",
    "opponent_name": "sdfghj",
    "total_fee": "100000.00",
    "status": "Filed",
    "category": "Tax",
    "priority": "Medium",
    "filing_deadline": null,
    "created_at": "2026-07-18T19:12:33.349Z"
  }
},
{
  "model": "management.case",
  "pk": "da31f6a1-2a7c-4524-911e-d8a606aa8331",
  "fields": {
    "client": "1f0e39b6-d544-4079-bcda-beffc33717aa",
    "assigned_to": 11,
    "case_number": "dfgh`",
    "court": "341a434e-c454-4807-8b78-babd645db1b3",
    "judge": "fdc12c6c-77a1-4d6c-8d58-285b4204e364",
    "opponent_name": "sdfghjkl",
    "total_fee": "23456789.00",
    "status": "Closed - Won",
    "category": "Family",
    "priority": "Medium",
    "filing_deadline": null,
    "created_at": "2026-07-17T16:05:45.387Z"
  }
},
{
  "model": "management.casetimeline",
  "pk": "34054846-64e1-45b2-a701-e745dea9882c",
  "fields": {
    "case": "da31f6a1-2a7c-4524-911e-d8a606aa8331",
    "actor": null,
    "activity_type": "StatusChange",
    "description": "Case status changed from Documentation Pending to Filed",
    "timestamp": "2026-07-17T16:05:52.928Z"
  }
},
{
  "model": "management.casetimeline",
  "pk": "80f070cf-38ea-4e89-a14b-55bcbdf08843",
  "fields": {
    "case": "da31f6a1-2a7c-4524-911e-d8a606aa8331",
    "actor": null,
    "activity_type": "StatusChange",
    "description": "Case status changed from Filed to Closed - Won",
    "timestamp": "2026-07-18T19:17:39.352Z"
  }
},
{
  "model": "management.casetimeline",
  "pk": "873683f9-0363-42e3-914f-5c8da10ad573",
  "fields": {
    "case": "da31f6a1-2a7c-4524-911e-d8a606aa8331",
    "actor": null,
    "activity_type": "StatusChange",
    "description": "Case status changed from Case Accepted to Documentation Pending",
    "timestamp": "2026-07-17T16:05:51.214Z"
  }
},
{
  "model": "management.casetimeline",
  "pk": "916bc4c9-efc7-4efb-b2e6-b8fa7e8cc67a",
  "fields": {
    "case": "6ac11b1b-ca35-4cd0-996a-bd731f363021",
    "actor": null,
    "activity_type": "StatusChange",
    "description": "Case status changed from Case Accepted to Filed",
    "timestamp": "2026-07-18T19:37:40.313Z"
  }
},
{
  "model": "management.casetimeline",
  "pk": "b94cd8c2-3d71-4ab2-993f-900487100036",
  "fields": {
    "case": "0d2021bc-8f7c-4aad-995d-7537ec74c6ff",
    "actor": null,
    "activity_type": "StatusChange",
    "description": "Case status changed from Filing in Progress to Documentation Pending",
    "timestamp": "2026-07-18T19:37:35.450Z"
  }
},
{
  "model": "management.casetimeline",
  "pk": "d6b7d480-8d8e-4c99-bff5-aa6e762cdd5f",
  "fields": {
    "case": "5f19c552-adb8-4f7a-ad70-d8aca310add2",
    "actor": null,
    "activity_type": "StatusChange",
    "description": "Case status changed from Case Accepted to Evidence Stage",
    "timestamp": "2026-07-18T19:17:48.358Z"
  }
},
{
  "model": "management.casetimeline",
  "pk": "dab5b855-d7c2-4e28-b86d-cd124c195887",
  "fields": {
    "case": "5f19c552-adb8-4f7a-ad70-d8aca310add2",
    "actor": null,
    "activity_type": "StatusChange",
    "description": "Case status changed from Evidence Stage to Consultation",
    "timestamp": "2026-07-18T19:17:57.707Z"
  }
},
{
  "model": "management.casetimeline",
  "pk": "eada52d7-edb6-48df-b896-3ff02c881843",
  "fields": {
    "case": "0d2021bc-8f7c-4aad-995d-7537ec74c6ff",
    "actor": null,
    "activity_type": "StatusChange",
    "description": "Case status changed from Case Accepted to Filing in Progress",
    "timestamp": "2026-07-18T19:29:50.893Z"
  }
},
{
  "model": "management.historicalhearing",
  "pk": 1,
  "fields": {
    "id": "9e649a43-e2bf-47c3-a984-be15454ec29b",
    "hearing_date": "2026-01-08",
    "hearing_time": null,
    "next_date": "2026-02-14",
    "hearing_stage": "Judgment",
    "notes": "Hearing proceeding for 2024/CIV/001. Client present. Next date set.",
    "case": "6a3b02dd-cc9f-4b19-95cc-a28c9bcff855",
    "history_date": "2026-07-07T08:27:08.223Z",
    "history_change_reason": null,
    "history_type": "+",
    "history_user": null
  }
},
{
  "model": "management.historicalhearing",
  "pk": 2,
  "fields": {
    "id": "a69fdf42-2bf0-482e-bfad-c30320f2d5a2",
    "hearing_date": "2026-02-14",
    "hearing_time": null,
    "next_date": null,
    "hearing_stage": "Arguments",
    "notes": "Hearing proceeding for 2024/CIV/001. Client present. Next date set.",
    "case": "6a3b02dd-cc9f-4b19-95cc-a28c9bcff855",
    "history_date": "2026-07-07T08:27:08.227Z",
    "history_change_reason": null,
    "history_type": "+",
    "history_user": null
  }
},
{
  "model": "management.historicalhearing",
  "pk": 3,
  "fields": {
    "id": "cca61a34-667d-42e9-acb7-c0c9c2f62a46",
    "hearing_date": "2026-03-29",
    "hearing_time": null,
    "next_date": "2026-05-11",
    "hearing_stage": "Arguments",
    "notes": "Hearing proceeding for 2024/CRM/002. Client present. Next date set.",
    "case": "aca99fe5-d9ec-4706-9735-00633715252f",
    "history_date": "2026-07-07T08:27:08.230Z",
    "history_change_reason": null,
    "history_type": "+",
    "history_user": null
  }
},
{
  "model": "management.historicalhearing",
  "pk": 4,
  "fields": {
    "id": "9eb33bdf-722f-49e1-a9de-8cf0fd80705b",
    "hearing_date": "2026-05-11",
    "hearing_time": null,
    "next_date": "2026-06-10",
    "hearing_stage": "Witness",
    "notes": "Hearing proceeding for 2024/CRM/002. Client present. Next date set.",
    "case": "aca99fe5-d9ec-4706-9735-00633715252f",
    "history_date": "2026-07-07T08:27:08.233Z",
    "history_change_reason": null,
    "history_type": "+",
    "history_user": null
  }
},
{
  "model": "management.historicalhearing",
  "pk": 5,
  "fields": {
    "id": "83f154a0-2a68-4a65-b287-931f6b5c9978",
    "hearing_date": "2026-06-10",
    "hearing_time": null,
    "next_date": "2026-07-14",
    "hearing_stage": "Framing of Issues",
    "notes": "Hearing proceeding for 2024/CRM/002. Client present. Next date set.",
    "case": "aca99fe5-d9ec-4706-9735-00633715252f",
    "history_date": "2026-07-07T08:27:08.237Z",
    "history_change_reason": null,
    "history_type": "+",
    "history_user": null
  }
},
{
  "model": "management.historicalhearing",
  "pk": 6,
  "fields": {
    "id": "e9030caf-626b-4610-bb4b-7fe12c2dad9a",
    "hearing_date": "2026-07-14",
    "hearing_time": null,
    "next_date": null,
    "hearing_stage": "Witness",
    "notes": "Hearing proceeding for 2024/CRM/002. Client present. Next date set.",
    "case": "aca99fe5-d9ec-4706-9735-00633715252f",
    "history_date": "2026-07-07T08:27:08.240Z",
    "history_change_reason": null,
    "history_type": "+",
    "history_user": null
  }
},
{
  "model": "management.historicalhearing",
  "pk": 7,
  "fields": {
    "id": "e002d8a8-d280-4300-a76f-6b14e2a82c19",
    "hearing_date": "2026-01-31",
    "hearing_time": null,
    "next_date": "2026-03-01",
    "hearing_stage": "Cross-Examination",
    "notes": "Hearing proceeding for 2024/FAM/003. Client present. Next date set.",
    "case": "2ba46971-f828-4aa8-844f-90e4c2b9a8dd",
    "history_date": "2026-07-07T08:27:08.243Z",
    "history_change_reason": null,
    "history_type": "+",
    "history_user": null
  }
},
{
  "model": "management.historicalhearing",
  "pk": 8,
  "fields": {
    "id": "275cc170-7d7e-4ebd-acc3-6ec820c32227",
    "hearing_date": "2026-03-01",
    "hearing_time": null,
    "next_date": "2026-04-12",
    "hearing_stage": "Final Arguments",
    "notes": "Hearing proceeding for 2024/FAM/003. Client present. Next date set.",
    "case": "2ba46971-f828-4aa8-844f-90e4c2b9a8dd",
    "history_date": "2026-07-07T08:27:08.245Z",
    "history_change_reason": null,
    "history_type": "+",
    "history_user": null
  }
},
{
  "model": "management.historicalhearing",
  "pk": 9,
  "fields": {
    "id": "1bff2c63-3f1a-4441-b019-1c4d941066db",
    "hearing_date": "2026-04-12",
    "hearing_time": null,
    "next_date": "2026-05-26",
    "hearing_stage": "Framing of Issues",
    "notes": "Hearing proceeding for 2024/FAM/003. Client present. Next date set.",
    "case": "2ba46971-f828-4aa8-844f-90e4c2b9a8dd",
    "history_date": "2026-07-07T08:27:08.248Z",
    "history_change_reason": null,
    "history_type": "+",
    "history_user": null
  }
},
{
  "model": "management.historicalhearing",
  "pk": 10,
  "fields": {
    "id": "161cb2d5-6f64-4727-8176-0417494f5909",
    "hearing_date": "2026-05-26",
    "hearing_time": null,
    "next_date": null,
    "hearing_stage": "Evidence",
    "notes": "Hearing proceeding for 2024/FAM/003. Client present. Next date set.",
    "case": "2ba46971-f828-4aa8-844f-90e4c2b9a8dd",
    "history_date": "2026-07-07T08:27:08.251Z",
    "history_change_reason": null,
    "history_type": "+",
    "history_user": null
  }
},
{
  "model": "management.historicalhearing",
  "pk": 11,
  "fields": {
    "id": "db9fa831-ecc4-43f0-bc06-3924e92ba655",
    "hearing_date": "2026-04-12",
    "hearing_time": null,
    "next_date": "2026-05-02",
    "hearing_stage": "Framing of Issues",
    "notes": "Hearing proceeding for 2024/CIV/004. Client present. Next date set.",
    "case": "f2536963-0756-4b5a-b9f7-68bf67df5ff0",
    "history_date": "2026-07-07T08:27:08.255Z",
    "history_change_reason": null,
    "history_type": "+",
    "history_user": null
  }
},
{
  "model": "management.historicalhearing",
  "pk": 12,
  "fields": {
    "id": "fb5bdc48-b282-4a71-a677-2d43c3c5d171",
    "hearing_date": "2026-05-02",
    "hearing_time": null,
    "next_date": null,
    "hearing_stage": "Attendance",
    "notes": "Hearing proceeding for 2024/CIV/004. Client present. Next date set.",
    "case": "f2536963-0756-4b5a-b9f7-68bf67df5ff0",
    "history_date": "2026-07-07T08:27:08.258Z",
    "history_change_reason": null,
    "history_type": "+",
    "history_user": null
  }
},
{
  "model": "management.historicalhearing",
  "pk": 13,
  "fields": {
    "id": "2eb4abe8-06fa-4b58-bb0e-2771f1997eed",
    "hearing_date": "2026-01-19",
    "hearing_time": null,
    "next_date": "2026-03-01",
    "hearing_stage": "Arguments",
    "notes": "Hearing proceeding for 2024/CRM/005. Client present. Next date set.",
    "case": "df8604c7-9e6f-4be3-a11e-1b01dfcfca78",
    "history_date": "2026-07-07T08:27:08.261Z",
    "history_change_reason": null,
    "history_type": "+",
    "history_user": null
  }
},
{
  "model": "management.historicalhearing",
  "pk": 14,
  "fields": {
    "id": "4dc56073-05d1-4282-95dc-a07b75379b22",
    "hearing_date": "2026-03-01",
    "hearing_time": null,
    "next_date": null,
    "hearing_stage": "Cross-Examination",
    "notes": "Hearing proceeding for 2024/CRM/005. Client present. Next date set.",
    "case": "df8604c7-9e6f-4be3-a11e-1b01dfcfca78",
    "history_date": "2026-07-07T08:27:08.264Z",
    "history_change_reason": null,
    "history_type": "+",
    "history_user": null
  }
},
{
  "model": "management.historicalhearing",
  "pk": 15,
  "fields": {
    "id": "caa8877e-99ad-466f-bbb1-4b1fd279eacd",
    "hearing_date": "2026-01-21",
    "hearing_time": null,
    "next_date": "2026-02-11",
    "hearing_stage": "Attendance",
    "notes": "Hearing proceeding for 2024/CIV/006. Client present. Next date set.",
    "case": "4b960230-8078-4ce8-9e6b-1968ee5f547c",
    "history_date": "2026-07-07T08:27:08.268Z",
    "history_change_reason": null,
    "history_type": "+",
    "history_user": null
  }
},
{
  "model": "management.historicalhearing",
  "pk": 16,
  "fields": {
    "id": "c5eefa27-d08a-44f0-9475-b13c113794fe",
    "hearing_date": "2026-02-11",
    "hearing_time": null,
    "next_date": "2026-03-13",
    "hearing_stage": "Evidence",
    "notes": "Hearing proceeding for 2024/CIV/006. Client present. Next date set.",
    "case": "4b960230-8078-4ce8-9e6b-1968ee5f547c",
    "history_date": "2026-07-07T08:27:08.270Z",
    "history_change_reason": null,
    "history_type": "+",
    "history_user": null
  }
},
{
  "model": "management.historicalhearing",
  "pk": 17,
  "fields": {
    "id": "fb8d7eab-1ed0-420b-b0ed-91658ea69fce",
    "hearing_date": "2026-03-13",
    "hearing_time": null,
    "next_date": null,
    "hearing_stage": "Arguments",
    "notes": "Hearing proceeding for 2024/CIV/006. Client present. Next date set.",
    "case": "4b960230-8078-4ce8-9e6b-1968ee5f547c",
    "history_date": "2026-07-07T08:27:08.273Z",
    "history_change_reason": null,
    "history_type": "+",
    "history_user": null
  }
},
{
  "model": "management.historicalhearing",
  "pk": 18,
  "fields": {
    "id": "bbb5dbcb-0d39-440a-b793-0c4bc5ba8598",
    "hearing_date": "2026-04-18",
    "hearing_time": null,
    "next_date": "2026-05-18",
    "hearing_stage": "Attendance",
    "notes": "Hearing proceeding for 2023/FAM/007. Client present. Next date set.",
    "case": "2f34061a-e7da-4db0-9c27-64829cf88a1b",
    "history_date": "2026-07-07T08:27:08.276Z",
    "history_change_reason": null,
    "history_type": "+",
    "history_user": null
  }
},
{
  "model": "management.historicalhearing",
  "pk": 19,
  "fields": {
    "id": "2dce5e39-bdf9-4bcb-9ca1-916db230db56",
    "hearing_date": "2026-05-18",
    "hearing_time": null,
    "next_date": "2026-06-21",
    "hearing_stage": "Framing of Issues",
    "notes": "Hearing proceeding for 2023/FAM/007. Client present. Next date set.",
    "case": "2f34061a-e7da-4db0-9c27-64829cf88a1b",
    "history_date": "2026-07-07T08:27:08.279Z",
    "history_change_reason": null,
    "history_type": "+",
    "history_user": null
  }
},
{
  "model": "management.historicalhearing",
  "pk": 20,
  "fields": {
    "id": "336445d6-d248-46d0-878d-e4ea8c90469d",
    "hearing_date": "2026-06-21",
    "hearing_time": null,
    "next_date": "2026-08-04",
    "hearing_stage": "Attendance",
    "notes": "Hearing proceeding for 2023/FAM/007. Client present. Next date set.",
    "case": "2f34061a-e7da-4db0-9c27-64829cf88a1b",
    "history_date": "2026-07-07T08:27:08.281Z",
    "history_change_reason": null,
    "history_type": "+",
    "history_user": null
  }
},
{
  "model": "management.historicalhearing",
  "pk": 21,
  "fields": {
    "id": "4163ab92-7216-4911-97d3-4487bba91f4a",
    "hearing_date": "2026-08-04",
    "hearing_time": null,
    "next_date": "2026-08-26",
    "hearing_stage": "Witness",
    "notes": "Hearing proceeding for 2023/FAM/007. Client present. Next date set.",
    "case": "2f34061a-e7da-4db0-9c27-64829cf88a1b",
    "history_date": "2026-07-07T08:27:08.285Z",
    "history_change_reason": null,
    "history_type": "+",
    "history_user": null
  }
},
{
  "model": "management.historicalhearing",
  "pk": 22,
  "fields": {
    "id": "aa7e4d42-f9e6-4577-b436-63688c0ac025",
    "hearing_date": "2026-08-26",
    "hearing_time": null,
    "next_date": null,
    "hearing_stage": "Framing of Issues",
    "notes": "Hearing proceeding for 2023/FAM/007. Client present. Next date set.",
    "case": "2f34061a-e7da-4db0-9c27-64829cf88a1b",
    "history_date": "2026-07-07T08:27:08.288Z",
    "history_change_reason": null,
    "history_type": "+",
    "history_user": null
  }
},
{
  "model": "management.historicalhearing",
  "pk": 23,
  "fields": {
    "id": "611b9d8d-0e32-4473-8e8f-e2c99efe4395",
    "hearing_date": "2026-03-21",
    "hearing_time": null,
    "next_date": "2026-05-01",
    "hearing_stage": "Judgment",
    "notes": "Hearing proceeding for 2024/CRM/008. Client present. Next date set.",
    "case": "531815cc-b1a5-4f60-9d37-bd9bfb88d921",
    "history_date": "2026-07-07T08:27:08.291Z",
    "history_change_reason": null,
    "history_type": "+",
    "history_user": null
  }
},
{
  "model": "management.historicalhearing",
  "pk": 24,
  "fields": {
    "id": "6721cb2c-22c7-4656-9164-2063f1f7b2e6",
    "hearing_date": "2026-05-01",
    "hearing_time": null,
    "next_date": "2026-05-25",
    "hearing_stage": "Judgment",
    "notes": "Hearing proceeding for 2024/CRM/008. Client present. Next date set.",
    "case": "531815cc-b1a5-4f60-9d37-bd9bfb88d921",
    "history_date": "2026-07-07T08:27:08.294Z",
    "history_change_reason": null,
    "history_type": "+",
    "history_user": null
  }
},
{
  "model": "management.historicalhearing",
  "pk": 25,
  "fields": {
    "id": "b76dc6e6-75e4-4dd1-9acc-fe9c15e7356b",
    "hearing_date": "2026-05-25",
    "hearing_time": null,
    "next_date": "2026-06-25",
    "hearing_stage": "Attendance",
    "notes": "Hearing proceeding for 2024/CRM/008. Client present. Next date set.",
    "case": "531815cc-b1a5-4f60-9d37-bd9bfb88d921",
    "history_date": "2026-07-07T08:27:08.296Z",
    "history_change_reason": null,
    "history_type": "+",
    "history_user": null
  }
},
{
  "model": "management.historicalhearing",
  "pk": 26,
  "fields": {
    "id": "02c22a73-e64b-4ed4-81bf-adac0baf0aff",
    "hearing_date": "2026-06-25",
    "hearing_time": null,
    "next_date": "2026-07-24",
    "hearing_stage": "Evidence",
    "notes": "Hearing proceeding for 2024/CRM/008. Client present. Next date set.",
    "case": "531815cc-b1a5-4f60-9d37-bd9bfb88d921",
    "history_date": "2026-07-07T08:27:08.300Z",
    "history_change_reason": null,
    "history_type": "+",
    "history_user": null
  }
},
{
  "model": "management.historicalhearing",
  "pk": 27,
  "fields": {
    "id": "d46ece70-ebf9-4861-8956-3da18cbb57c9",
    "hearing_date": "2026-07-24",
    "hearing_time": null,
    "next_date": null,
    "hearing_stage": "Attendance",
    "notes": "Hearing proceeding for 2024/CRM/008. Client present. Next date set.",
    "case": "531815cc-b1a5-4f60-9d37-bd9bfb88d921",
    "history_date": "2026-07-07T08:27:08.303Z",
    "history_change_reason": null,
    "history_type": "+",
    "history_user": null
  }
},
{
  "model": "management.historicalhearing",
  "pk": 28,
  "fields": {
    "id": "b1b66f05-3a4f-4b68-83c2-131a434bd818",
    "hearing_date": "2026-03-17",
    "hearing_time": null,
    "next_date": "2026-04-25",
    "hearing_stage": "Framing of Issues",
    "notes": "Hearing proceeding for 2024/WRT/009. Client present. Next date set.",
    "case": "5bbd35c4-3376-428c-94a3-ab029f5666fd",
    "history_date": "2026-07-07T08:27:08.306Z",
    "history_change_reason": null,
    "history_type": "+",
    "history_user": null
  }
},
{
  "model": "management.historicalhearing",
  "pk": 29,
  "fields": {
    "id": "7d017608-5c85-485d-b1d3-8e97da3a8ccd",
    "hearing_date": "2026-04-25",
    "hearing_time": null,
    "next_date": "2026-05-24",
    "hearing_stage": "Witness",
    "notes": "Hearing proceeding for 2024/WRT/009. Client present. Next date set.",
    "case": "5bbd35c4-3376-428c-94a3-ab029f5666fd",
    "history_date": "2026-07-07T08:27:08.308Z",
    "history_change_reason": null,
    "history_type": "+",
    "history_user": null
  }
},
{
  "model": "management.historicalhearing",
  "pk": 30,
  "fields": {
    "id": "76dbc1f8-164f-4944-9f27-41f534ba42f7",
    "hearing_date": "2026-05-24",
    "hearing_time": null,
    "next_date": null,
    "hearing_stage": "Attendance",
    "notes": "Hearing proceeding for 2024/WRT/009. Client present. Next date set.",
    "case": "5bbd35c4-3376-428c-94a3-ab029f5666fd",
    "history_date": "2026-07-07T08:27:08.310Z",
    "history_change_reason": null,
    "history_type": "+",
    "history_user": null
  }
},
{
  "model": "management.historicalhearing",
  "pk": 31,
  "fields": {
    "id": "5cc41e3b-c305-4ff1-8228-65cda842843d",
    "hearing_date": "2026-04-14",
    "hearing_time": null,
    "next_date": "2026-05-14",
    "hearing_stage": "Witness",
    "notes": "Hearing proceeding for 2024/CIV/010. Client present. Next date set.",
    "case": "b71f19cf-ff23-4a4e-81e8-44ae035a7570",
    "history_date": "2026-07-07T08:27:08.313Z",
    "history_change_reason": null,
    "history_type": "+",
    "history_user": null
  }
},
{
  "model": "management.historicalhearing",
  "pk": 32,
  "fields": {
    "id": "03b23152-bbd3-4278-b2bb-d68cbc08454e",
    "hearing_date": "2026-05-14",
    "hearing_time": null,
    "next_date": null,
    "hearing_stage": "Witness",
    "notes": "Hearing proceeding for 2024/CIV/010. Client present. Next date set.",
    "case": "b71f19cf-ff23-4a4e-81e8-44ae035a7570",
    "history_date": "2026-07-07T08:27:08.317Z",
    "history_change_reason": null,
    "history_type": "+",
    "history_user": null
  }
},
{
  "model": "management.historicalhearing",
  "pk": 33,
  "fields": {
    "id": "f1e7d6cf-d119-457d-b933-290712995cd8",
    "hearing_date": "2026-04-23",
    "hearing_time": null,
    "next_date": "2026-05-30",
    "hearing_stage": "Cross-Examination",
    "notes": "Hearing proceeding for 2024/CRM/011. Client present. Next date set.",
    "case": "56901da3-5aa6-4888-8692-f7580429fc77",
    "history_date": "2026-07-07T08:27:08.320Z",
    "history_change_reason": null,
    "history_type": "+",
    "history_user": null
  }
},
{
  "model": "management.historicalhearing",
  "pk": 34,
  "fields": {
    "id": "ef8428ed-aab2-40f7-beea-028a314257b7",
    "hearing_date": "2026-05-30",
    "hearing_time": null,
    "next_date": "2026-06-29",
    "hearing_stage": "Evidence",
    "notes": "Hearing proceeding for 2024/CRM/011. Client present. Next date set.",
    "case": "56901da3-5aa6-4888-8692-f7580429fc77",
    "history_date": "2026-07-07T08:27:08.323Z",
    "history_change_reason": null,
    "history_type": "+",
    "history_user": null
  }
},
{
  "model": "management.historicalhearing",
  "pk": 35,
  "fields": {
    "id": "5725f64c-01f6-4126-89af-6220a59c74a9",
    "hearing_date": "2026-06-29",
    "hearing_time": null,
    "next_date": "2026-07-20",
    "hearing_stage": "Witness",
    "notes": "Hearing proceeding for 2024/CRM/011. Client present. Next date set.",
    "case": "56901da3-5aa6-4888-8692-f7580429fc77",
    "history_date": "2026-07-07T08:27:08.325Z",
    "history_change_reason": null,
    "history_type": "+",
    "history_user": null
  }
},
{
  "model": "management.historicalhearing",
  "pk": 36,
  "fields": {
    "id": "d192c9ab-5a80-4ba0-b740-48295c958134",
    "hearing_date": "2026-07-20",
    "hearing_time": null,
    "next_date": null,
    "hearing_stage": "Witness",
    "notes": "Hearing proceeding for 2024/CRM/011. Client present. Next date set.",
    "case": "56901da3-5aa6-4888-8692-f7580429fc77",
    "history_date": "2026-07-07T08:27:08.328Z",
    "history_change_reason": null,
    "history_type": "+",
    "history_user": null
  }
},
{
  "model": "management.historicalhearing",
  "pk": 37,
  "fields": {
    "id": "644e3ba9-e561-4fb3-aff3-e5e81ca40a5d",
    "hearing_date": "2026-04-12",
    "hearing_time": null,
    "next_date": "2026-05-05",
    "hearing_stage": "Evidence",
    "notes": "Hearing proceeding for 2023/CIV/012. Client present. Next date set.",
    "case": "0c8662a8-fd24-45f7-b01e-2232e08d28bd",
    "history_date": "2026-07-07T08:27:08.331Z",
    "history_change_reason": null,
    "history_type": "+",
    "history_user": null
  }
},
{
  "model": "management.historicalhearing",
  "pk": 38,
  "fields": {
    "id": "db5c26ea-f2a7-4951-b59b-3242cb8f4d17",
    "hearing_date": "2026-05-05",
    "hearing_time": null,
    "next_date": null,
    "hearing_stage": "Arguments",
    "notes": "Hearing proceeding for 2023/CIV/012. Client present. Next date set.",
    "case": "0c8662a8-fd24-45f7-b01e-2232e08d28bd",
    "history_date": "2026-07-07T08:27:08.334Z",
    "history_change_reason": null,
    "history_type": "+",
    "history_user": null
  }
},
{
  "model": "management.historicalhearing",
  "pk": 39,
  "fields": {
    "id": "e42fb709-0deb-492d-bdfc-27256ab0fff0",
    "hearing_date": "2026-01-24",
    "hearing_time": null,
    "next_date": "2026-03-04",
    "hearing_stage": "Attendance",
    "notes": "Hearing proceeding for 2024/FAM/013. Client present. Next date set.",
    "case": "35ba5847-f1f7-4d72-b550-958e3fba4f04",
    "history_date": "2026-07-07T08:27:08.337Z",
    "history_change_reason": null,
    "history_type": "+",
    "history_user": null
  }
},
{
  "model": "management.historicalhearing",
  "pk": 40,
  "fields": {
    "id": "c39ee4cb-35bb-44fc-bb6e-272bb48e6165",
    "hearing_date": "2026-03-04",
    "hearing_time": null,
    "next_date": "2026-03-29",
    "hearing_stage": "Cross-Examination",
    "notes": "Hearing proceeding for 2024/FAM/013. Client present. Next date set.",
    "case": "35ba5847-f1f7-4d72-b550-958e3fba4f04",
    "history_date": "2026-07-07T08:27:08.341Z",
    "history_change_reason": null,
    "history_type": "+",
    "history_user": null
  }
},
{
  "model": "management.historicalhearing",
  "pk": 41,
  "fields": {
    "id": "43653e3e-4152-4514-ae05-ba3dc3fee091",
    "hearing_date": "2026-03-29",
    "hearing_time": null,
    "next_date": "2026-05-06",
    "hearing_stage": "Judgment",
    "notes": "Hearing proceeding for 2024/FAM/013. Client present. Next date set.",
    "case": "35ba5847-f1f7-4d72-b550-958e3fba4f04",
    "history_date": "2026-07-07T08:27:08.343Z",
    "history_change_reason": null,
    "history_type": "+",
    "history_user": null
  }
},
{
  "model": "management.historicalhearing",
  "pk": 42,
  "fields": {
    "id": "865aa8fd-3424-4eb6-9035-f75314605eb8",
    "hearing_date": "2026-05-06",
    "hearing_time": null,
    "next_date": null,
    "hearing_stage": "Cross-Examination",
    "notes": "Hearing proceeding for 2024/FAM/013. Client present. Next date set.",
    "case": "35ba5847-f1f7-4d72-b550-958e3fba4f04",
    "history_date": "2026-07-07T08:27:08.346Z",
    "history_change_reason": null,
    "history_type": "+",
    "history_user": null
  }
},
{
  "model": "management.historicalhearing",
  "pk": 43,
  "fields": {
    "id": "5ee1772b-dca9-45e0-8e71-8e332df98a54",
    "hearing_date": "2026-02-24",
    "hearing_time": null,
    "next_date": "2026-03-24",
    "hearing_stage": "Cross-Examination",
    "notes": "Hearing proceeding for 2024/CRM/014. Client present. Next date set.",
    "case": "4418664d-b854-4df4-84f0-b53625269a99",
    "history_date": "2026-07-07T08:27:08.351Z",
    "history_change_reason": null,
    "history_type": "+",
    "history_user": null
  }
},
{
  "model": "management.historicalhearing",
  "pk": 44,
  "fields": {
    "id": "cdf8196c-2541-4c20-ac34-c27a3bd20110",
    "hearing_date": "2026-03-24",
    "hearing_time": null,
    "next_date": "2026-04-17",
    "hearing_stage": "Arguments",
    "notes": "Hearing proceeding for 2024/CRM/014. Client present. Next date set.",
    "case": "4418664d-b854-4df4-84f0-b53625269a99",
    "history_date": "2026-07-07T08:27:08.355Z",
    "history_change_reason": null,
    "history_type": "+",
    "history_user": null
  }
},
{
  "model": "management.historicalhearing",
  "pk": 45,
  "fields": {
    "id": "9bcb611d-330f-46a7-85ab-07646c58caa3",
    "hearing_date": "2026-04-17",
    "hearing_time": null,
    "next_date": null,
    "hearing_stage": "Arguments",
    "notes": "Hearing proceeding for 2024/CRM/014. Client present. Next date set.",
    "case": "4418664d-b854-4df4-84f0-b53625269a99",
    "history_date": "2026-07-07T08:27:08.358Z",
    "history_change_reason": null,
    "history_type": "+",
    "history_user": null
  }
},
{
  "model": "management.historicalhearing",
  "pk": 46,
  "fields": {
    "id": "0f62330f-9018-4464-bf74-2513c9809640",
    "hearing_date": "2026-04-10",
    "hearing_time": null,
    "next_date": "2026-05-13",
    "hearing_stage": "Attendance",
    "notes": "Hearing proceeding for 2024/CIV/015. Client present. Next date set.",
    "case": "804c84e6-d819-406e-9c0f-fc220c3989ee",
    "history_date": "2026-07-07T08:27:08.362Z",
    "history_change_reason": null,
    "history_type": "+",
    "history_user": null
  }
},
{
  "model": "management.historicalhearing",
  "pk": 47,
  "fields": {
    "id": "5b63207c-24b2-4e9b-8557-30d2cd2ad038",
    "hearing_date": "2026-05-13",
    "hearing_time": null,
    "next_date": null,
    "hearing_stage": "Final Arguments",
    "notes": "Hearing proceeding for 2024/CIV/015. Client present. Next date set.",
    "case": "804c84e6-d819-406e-9c0f-fc220c3989ee",
    "history_date": "2026-07-07T08:27:08.365Z",
    "history_change_reason": null,
    "history_type": "+",
    "history_user": null
  }
},
{
  "model": "management.historicalhearing",
  "pk": 48,
  "fields": {
    "id": "fb8d7eab-1ed0-420b-b0ed-91658ea69fce",
    "hearing_date": "2026-03-13",
    "hearing_time": null,
    "next_date": null,
    "hearing_stage": "Arguments",
    "notes": "Hearing proceeding for 2024/CIV/006. Client present. Next date set.",
    "case": "4b960230-8078-4ce8-9e6b-1968ee5f547c",
    "history_date": "2026-07-07T11:36:35.325Z",
    "history_change_reason": null,
    "history_type": "-",
    "history_user": null
  }
},
{
  "model": "management.historicalhearing",
  "pk": 49,
  "fields": {
    "id": "fb5bdc48-b282-4a71-a677-2d43c3c5d171",
    "hearing_date": "2026-05-02",
    "hearing_time": null,
    "next_date": null,
    "hearing_stage": "Attendance",
    "notes": "Hearing proceeding for 2024/CIV/004. Client present. Next date set.",
    "case": "f2536963-0756-4b5a-b9f7-68bf67df5ff0",
    "history_date": "2026-07-07T11:36:35.329Z",
    "history_change_reason": null,
    "history_type": "-",
    "history_user": null
  }
},
{
  "model": "management.historicalhearing",
  "pk": 50,
  "fields": {
    "id": "f1e7d6cf-d119-457d-b933-290712995cd8",
    "hearing_date": "2026-04-23",
    "hearing_time": null,
    "next_date": "2026-05-30",
    "hearing_stage": "Cross-Examination",
    "notes": "Hearing proceeding for 2024/CRM/011. Client present. Next date set.",
    "case": "56901da3-5aa6-4888-8692-f7580429fc77",
    "history_date": "2026-07-07T11:36:35.330Z",
    "history_change_reason": null,
    "history_type": "-",
    "history_user": null
  }
},
{
  "model": "management.historicalhearing",
  "pk": 51,
  "fields": {
    "id": "ef8428ed-aab2-40f7-beea-028a314257b7",
    "hearing_date": "2026-05-30",
    "hearing_time": null,
    "next_date": "2026-06-29",
    "hearing_stage": "Evidence",
    "notes": "Hearing proceeding for 2024/CRM/011. Client present. Next date set.",
    "case": "56901da3-5aa6-4888-8692-f7580429fc77",
    "history_date": "2026-07-07T11:36:35.330Z",
    "history_change_reason": null,
    "history_type": "-",
    "history_user": null
  }
},
{
  "model": "management.historicalhearing",
  "pk": 52,
  "fields": {
    "id": "e9030caf-626b-4610-bb4b-7fe12c2dad9a",
    "hearing_date": "2026-07-14",
    "hearing_time": null,
    "next_date": null,
    "hearing_stage": "Witness",
    "notes": "Hearing proceeding for 2024/CRM/002. Client present. Next date set.",
    "case": "aca99fe5-d9ec-4706-9735-00633715252f",
    "history_date": "2026-07-07T11:36:35.332Z",
    "history_change_reason": null,
    "history_type": "-",
    "history_user": null
  }
},
{
  "model": "management.historicalhearing",
  "pk": 53,
  "fields": {
    "id": "e42fb709-0deb-492d-bdfc-27256ab0fff0",
    "hearing_date": "2026-01-24",
    "hearing_time": null,
    "next_date": "2026-03-04",
    "hearing_stage": "Attendance",
    "notes": "Hearing proceeding for 2024/FAM/013. Client present. Next date set.",
    "case": "35ba5847-f1f7-4d72-b550-958e3fba4f04",
    "history_date": "2026-07-07T11:36:35.333Z",
    "history_change_reason": null,
    "history_type": "-",
    "history_user": null
  }
},
{
  "model": "management.historicalhearing",
  "pk": 54,
  "fields": {
    "id": "e002d8a8-d280-4300-a76f-6b14e2a82c19",
    "hearing_date": "2026-01-31",
    "hearing_time": null,
    "next_date": "2026-03-01",
    "hearing_stage": "Cross-Examination",
    "notes": "Hearing proceeding for 2024/FAM/003. Client present. Next date set.",
    "case": "2ba46971-f828-4aa8-844f-90e4c2b9a8dd",
    "history_date": "2026-07-07T11:36:35.334Z",
    "history_change_reason": null,
    "history_type": "-",
    "history_user": null
  }
},
{
  "model": "management.historicalhearing",
  "pk": 55,
  "fields": {
    "id": "db9fa831-ecc4-43f0-bc06-3924e92ba655",
    "hearing_date": "2026-04-12",
    "hearing_time": null,
    "next_date": "2026-05-02",
    "hearing_stage": "Framing of Issues",
    "notes": "Hearing proceeding for 2024/CIV/004. Client present. Next date set.",
    "case": "f2536963-0756-4b5a-b9f7-68bf67df5ff0",
    "history_date": "2026-07-07T11:36:35.334Z",
    "history_change_reason": null,
    "history_type": "-",
    "history_user": null
  }
},
{
  "model": "management.historicalhearing",
  "pk": 56,
  "fields": {
    "id": "db5c26ea-f2a7-4951-b59b-3242cb8f4d17",
    "hearing_date": "2026-05-05",
    "hearing_time": null,
    "next_date": null,
    "hearing_stage": "Arguments",
    "notes": "Hearing proceeding for 2023/CIV/012. Client present. Next date set.",
    "case": "0c8662a8-fd24-45f7-b01e-2232e08d28bd",
    "history_date": "2026-07-07T11:36:35.335Z",
    "history_change_reason": null,
    "history_type": "-",
    "history_user": null
  }
},
{
  "model": "management.historicalhearing",
  "pk": 57,
  "fields": {
    "id": "d46ece70-ebf9-4861-8956-3da18cbb57c9",
    "hearing_date": "2026-07-24",
    "hearing_time": null,
    "next_date": null,
    "hearing_stage": "Attendance",
    "notes": "Hearing proceeding for 2024/CRM/008. Client present. Next date set.",
    "case": "531815cc-b1a5-4f60-9d37-bd9bfb88d921",
    "history_date": "2026-07-07T11:36:35.336Z",
    "history_change_reason": null,
    "history_type": "-",
    "history_user": null
  }
},
{
  "model": "management.historicalhearing",
  "pk": 58,
  "fields": {
    "id": "d192c9ab-5a80-4ba0-b740-48295c958134",
    "hearing_date": "2026-07-20",
    "hearing_time": null,
    "next_date": null,
    "hearing_stage": "Witness",
    "notes": "Hearing proceeding for 2024/CRM/011. Client present. Next date set.",
    "case": "56901da3-5aa6-4888-8692-f7580429fc77",
    "history_date": "2026-07-07T11:36:35.337Z",
    "history_change_reason": null,
    "history_type": "-",
    "history_user": null
  }
},
{
  "model": "management.historicalhearing",
  "pk": 59,
  "fields": {
    "id": "cdf8196c-2541-4c20-ac34-c27a3bd20110",
    "hearing_date": "2026-03-24",
    "hearing_time": null,
    "next_date": "2026-04-17",
    "hearing_stage": "Arguments",
    "notes": "Hearing proceeding for 2024/CRM/014. Client present. Next date set.",
    "case": "4418664d-b854-4df4-84f0-b53625269a99",
    "history_date": "2026-07-07T11:36:35.337Z",
    "history_change_reason": null,
    "history_type": "-",
    "history_user": null
  }
},
{
  "model": "management.historicalhearing",
  "pk": 60,
  "fields": {
    "id": "cca61a34-667d-42e9-acb7-c0c9c2f62a46",
    "hearing_date": "2026-03-29",
    "hearing_time": null,
    "next_date": "2026-05-11",
    "hearing_stage": "Arguments",
    "notes": "Hearing proceeding for 2024/CRM/002. Client present. Next date set.",
    "case": "aca99fe5-d9ec-4706-9735-00633715252f",
    "history_date": "2026-07-07T11:36:35.338Z",
    "history_change_reason": null,
    "history_type": "-",
    "history_user": null
  }
},
{
  "model": "management.historicalhearing",
  "pk": 61,
  "fields": {
    "id": "caa8877e-99ad-466f-bbb1-4b1fd279eacd",
    "hearing_date": "2026-01-21",
    "hearing_time": null,
    "next_date": "2026-02-11",
    "hearing_stage": "Attendance",
    "notes": "Hearing proceeding for 2024/CIV/006. Client present. Next date set.",
    "case": "4b960230-8078-4ce8-9e6b-1968ee5f547c",
    "history_date": "2026-07-07T11:36:35.339Z",
    "history_change_reason": null,
    "history_type": "-",
    "history_user": null
  }
},
{
  "model": "management.historicalhearing",
  "pk": 62,
  "fields": {
    "id": "c5eefa27-d08a-44f0-9475-b13c113794fe",
    "hearing_date": "2026-02-11",
    "hearing_time": null,
    "next_date": "2026-03-13",
    "hearing_stage": "Evidence",
    "notes": "Hearing proceeding for 2024/CIV/006. Client present. Next date set.",
    "case": "4b960230-8078-4ce8-9e6b-1968ee5f547c",
    "history_date": "2026-07-07T11:36:35.340Z",
    "history_change_reason": null,
    "history_type": "-",
    "history_user": null
  }
},
{
  "model": "management.historicalhearing",
  "pk": 63,
  "fields": {
    "id": "c39ee4cb-35bb-44fc-bb6e-272bb48e6165",
    "hearing_date": "2026-03-04",
    "hearing_time": null,
    "next_date": "2026-03-29",
    "hearing_stage": "Cross-Examination",
    "notes": "Hearing proceeding for 2024/FAM/013. Client present. Next date set.",
    "case": "35ba5847-f1f7-4d72-b550-958e3fba4f04",
    "history_date": "2026-07-07T11:36:35.340Z",
    "history_change_reason": null,
    "history_type": "-",
    "history_user": null
  }
},
{
  "model": "management.historicalhearing",
  "pk": 64,
  "fields": {
    "id": "bbb5dbcb-0d39-440a-b793-0c4bc5ba8598",
    "hearing_date": "2026-04-18",
    "hearing_time": null,
    "next_date": "2026-05-18",
    "hearing_stage": "Attendance",
    "notes": "Hearing proceeding for 2023/FAM/007. Client present. Next date set.",
    "case": "2f34061a-e7da-4db0-9c27-64829cf88a1b",
    "history_date": "2026-07-07T11:36:35.341Z",
    "history_change_reason": null,
    "history_type": "-",
    "history_user": null
  }
},
{
  "model": "management.historicalhearing",
  "pk": 65,
  "fields": {
    "id": "b76dc6e6-75e4-4dd1-9acc-fe9c15e7356b",
    "hearing_date": "2026-05-25",
    "hearing_time": null,
    "next_date": "2026-06-25",
    "hearing_stage": "Attendance",
    "notes": "Hearing proceeding for 2024/CRM/008. Client present. Next date set.",
    "case": "531815cc-b1a5-4f60-9d37-bd9bfb88d921",
    "history_date": "2026-07-07T11:36:35.342Z",
    "history_change_reason": null,
    "history_type": "-",
    "history_user": null
  }
},
{
  "model": "management.historicalhearing",
  "pk": 66,
  "fields": {
    "id": "b1b66f05-3a4f-4b68-83c2-131a434bd818",
    "hearing_date": "2026-03-17",
    "hearing_time": null,
    "next_date": "2026-04-25",
    "hearing_stage": "Framing of Issues",
    "notes": "Hearing proceeding for 2024/WRT/009. Client present. Next date set.",
    "case": "5bbd35c4-3376-428c-94a3-ab029f5666fd",
    "history_date": "2026-07-07T11:36:35.343Z",
    "history_change_reason": null,
    "history_type": "-",
    "history_user": null
  }
},
{
  "model": "management.historicalhearing",
  "pk": 67,
  "fields": {
    "id": "aa7e4d42-f9e6-4577-b436-63688c0ac025",
    "hearing_date": "2026-08-26",
    "hearing_time": null,
    "next_date": null,
    "hearing_stage": "Framing of Issues",
    "notes": "Hearing proceeding for 2023/FAM/007. Client present. Next date set.",
    "case": "2f34061a-e7da-4db0-9c27-64829cf88a1b",
    "history_date": "2026-07-07T11:36:35.344Z",
    "history_change_reason": null,
    "history_type": "-",
    "history_user": null
  }
},
{
  "model": "management.historicalhearing",
  "pk": 68,
  "fields": {
    "id": "a69fdf42-2bf0-482e-bfad-c30320f2d5a2",
    "hearing_date": "2026-02-14",
    "hearing_time": null,
    "next_date": null,
    "hearing_stage": "Arguments",
    "notes": "Hearing proceeding for 2024/CIV/001. Client present. Next date set.",
    "case": "6a3b02dd-cc9f-4b19-95cc-a28c9bcff855",
    "history_date": "2026-07-07T11:36:35.344Z",
    "history_change_reason": null,
    "history_type": "-",
    "history_user": null
  }
},
{
  "model": "management.historicalhearing",
  "pk": 69,
  "fields": {
    "id": "9eb33bdf-722f-49e1-a9de-8cf0fd80705b",
    "hearing_date": "2026-05-11",
    "hearing_time": null,
    "next_date": "2026-06-10",
    "hearing_stage": "Witness",
    "notes": "Hearing proceeding for 2024/CRM/002. Client present. Next date set.",
    "case": "aca99fe5-d9ec-4706-9735-00633715252f",
    "history_date": "2026-07-07T11:36:35.345Z",
    "history_change_reason": null,
    "history_type": "-",
    "history_user": null
  }
},
{
  "model": "management.historicalhearing",
  "pk": 70,
  "fields": {
    "id": "9e649a43-e2bf-47c3-a984-be15454ec29b",
    "hearing_date": "2026-01-08",
    "hearing_time": null,
    "next_date": "2026-02-14",
    "hearing_stage": "Judgment",
    "notes": "Hearing proceeding for 2024/CIV/001. Client present. Next date set.",
    "case": "6a3b02dd-cc9f-4b19-95cc-a28c9bcff855",
    "history_date": "2026-07-07T11:36:35.346Z",
    "history_change_reason": null,
    "history_type": "-",
    "history_user": null
  }
},
{
  "model": "management.historicalhearing",
  "pk": 71,
  "fields": {
    "id": "9bcb611d-330f-46a7-85ab-07646c58caa3",
    "hearing_date": "2026-04-17",
    "hearing_time": null,
    "next_date": null,
    "hearing_stage": "Arguments",
    "notes": "Hearing proceeding for 2024/CRM/014. Client present. Next date set.",
    "case": "4418664d-b854-4df4-84f0-b53625269a99",
    "history_date": "2026-07-07T11:36:35.347Z",
    "history_change_reason": null,
    "history_type": "-",
    "history_user": null
  }
},
{
  "model": "management.historicalhearing",
  "pk": 72,
  "fields": {
    "id": "865aa8fd-3424-4eb6-9035-f75314605eb8",
    "hearing_date": "2026-05-06",
    "hearing_time": null,
    "next_date": null,
    "hearing_stage": "Cross-Examination",
    "notes": "Hearing proceeding for 2024/FAM/013. Client present. Next date set.",
    "case": "35ba5847-f1f7-4d72-b550-958e3fba4f04",
    "history_date": "2026-07-07T11:36:35.348Z",
    "history_change_reason": null,
    "history_type": "-",
    "history_user": null
  }
},
{
  "model": "management.historicalhearing",
  "pk": 73,
  "fields": {
    "id": "83f154a0-2a68-4a65-b287-931f6b5c9978",
    "hearing_date": "2026-06-10",
    "hearing_time": null,
    "next_date": "2026-07-14",
    "hearing_stage": "Framing of Issues",
    "notes": "Hearing proceeding for 2024/CRM/002. Client present. Next date set.",
    "case": "aca99fe5-d9ec-4706-9735-00633715252f",
    "history_date": "2026-07-07T11:36:35.350Z",
    "history_change_reason": null,
    "history_type": "-",
    "history_user": null
  }
},
{
  "model": "management.historicalhearing",
  "pk": 74,
  "fields": {
    "id": "7d017608-5c85-485d-b1d3-8e97da3a8ccd",
    "hearing_date": "2026-04-25",
    "hearing_time": null,
    "next_date": "2026-05-24",
    "hearing_stage": "Witness",
    "notes": "Hearing proceeding for 2024/WRT/009. Client present. Next date set.",
    "case": "5bbd35c4-3376-428c-94a3-ab029f5666fd",
    "history_date": "2026-07-07T11:36:35.351Z",
    "history_change_reason": null,
    "history_type": "-",
    "history_user": null
  }
},
{
  "model": "management.historicalhearing",
  "pk": 75,
  "fields": {
    "id": "76dbc1f8-164f-4944-9f27-41f534ba42f7",
    "hearing_date": "2026-05-24",
    "hearing_time": null,
    "next_date": null,
    "hearing_stage": "Attendance",
    "notes": "Hearing proceeding for 2024/WRT/009. Client present. Next date set.",
    "case": "5bbd35c4-3376-428c-94a3-ab029f5666fd",
    "history_date": "2026-07-07T11:36:35.352Z",
    "history_change_reason": null,
    "history_type": "-",
    "history_user": null
  }
},
{
  "model": "management.historicalhearing",
  "pk": 76,
  "fields": {
    "id": "6721cb2c-22c7-4656-9164-2063f1f7b2e6",
    "hearing_date": "2026-05-01",
    "hearing_time": null,
    "next_date": "2026-05-25",
    "hearing_stage": "Judgment",
    "notes": "Hearing proceeding for 2024/CRM/008. Client present. Next date set.",
    "case": "531815cc-b1a5-4f60-9d37-bd9bfb88d921",
    "history_date": "2026-07-07T11:36:35.352Z",
    "history_change_reason": null,
    "history_type": "-",
    "history_user": null
  }
},
{
  "model": "management.historicalhearing",
  "pk": 77,
  "fields": {
    "id": "644e3ba9-e561-4fb3-aff3-e5e81ca40a5d",
    "hearing_date": "2026-04-12",
    "hearing_time": null,
    "next_date": "2026-05-05",
    "hearing_stage": "Evidence",
    "notes": "Hearing proceeding for 2023/CIV/012. Client present. Next date set.",
    "case": "0c8662a8-fd24-45f7-b01e-2232e08d28bd",
    "history_date": "2026-07-07T11:36:35.353Z",
    "history_change_reason": null,
    "history_type": "-",
    "history_user": null
  }
},
{
  "model": "management.historicalhearing",
  "pk": 78,
  "fields": {
    "id": "611b9d8d-0e32-4473-8e8f-e2c99efe4395",
    "hearing_date": "2026-03-21",
    "hearing_time": null,
    "next_date": "2026-05-01",
    "hearing_stage": "Judgment",
    "notes": "Hearing proceeding for 2024/CRM/008. Client present. Next date set.",
    "case": "531815cc-b1a5-4f60-9d37-bd9bfb88d921",
    "history_date": "2026-07-07T11:36:35.354Z",
    "history_change_reason": null,
    "history_type": "-",
    "history_user": null
  }
},
{
  "model": "management.historicalhearing",
  "pk": 79,
  "fields": {
    "id": "5ee1772b-dca9-45e0-8e71-8e332df98a54",
    "hearing_date": "2026-02-24",
    "hearing_time": null,
    "next_date": "2026-03-24",
    "hearing_stage": "Cross-Examination",
    "notes": "Hearing proceeding for 2024/CRM/014. Client present. Next date set.",
    "case": "4418664d-b854-4df4-84f0-b53625269a99",
    "history_date": "2026-07-07T11:36:35.355Z",
    "history_change_reason": null,
    "history_type": "-",
    "history_user": null
  }
},
{
  "model": "management.historicalhearing",
  "pk": 80,
  "fields": {
    "id": "5cc41e3b-c305-4ff1-8228-65cda842843d",
    "hearing_date": "2026-04-14",
    "hearing_time": null,
    "next_date": "2026-05-14",
    "hearing_stage": "Witness",
    "notes": "Hearing proceeding for 2024/CIV/010. Client present. Next date set.",
    "case": "b71f19cf-ff23-4a4e-81e8-44ae035a7570",
    "history_date": "2026-07-07T11:36:35.355Z",
    "history_change_reason": null,
    "history_type": "-",
    "history_user": null
  }
},
{
  "model": "management.historicalhearing",
  "pk": 81,
  "fields": {
    "id": "5b63207c-24b2-4e9b-8557-30d2cd2ad038",
    "hearing_date": "2026-05-13",
    "hearing_time": null,
    "next_date": null,
    "hearing_stage": "Final Arguments",
    "notes": "Hearing proceeding for 2024/CIV/015. Client present. Next date set.",
    "case": "804c84e6-d819-406e-9c0f-fc220c3989ee",
    "history_date": "2026-07-07T11:36:35.356Z",
    "history_change_reason": null,
    "history_type": "-",
    "history_user": null
  }
},
{
  "model": "management.historicalhearing",
  "pk": 82,
  "fields": {
    "id": "5725f64c-01f6-4126-89af-6220a59c74a9",
    "hearing_date": "2026-06-29",
    "hearing_time": null,
    "next_date": "2026-07-20",
    "hearing_stage": "Witness",
    "notes": "Hearing proceeding for 2024/CRM/011. Client present. Next date set.",
    "case": "56901da3-5aa6-4888-8692-f7580429fc77",
    "history_date": "2026-07-07T11:36:35.357Z",
    "history_change_reason": null,
    "history_type": "-",
    "history_user": null
  }
},
{
  "model": "management.historicalhearing",
  "pk": 83,
  "fields": {
    "id": "4dc56073-05d1-4282-95dc-a07b75379b22",
    "hearing_date": "2026-03-01",
    "hearing_time": null,
    "next_date": null,
    "hearing_stage": "Cross-Examination",
    "notes": "Hearing proceeding for 2024/CRM/005. Client present. Next date set.",
    "case": "df8604c7-9e6f-4be3-a11e-1b01dfcfca78",
    "history_date": "2026-07-07T11:36:35.358Z",
    "history_change_reason": null,
    "history_type": "-",
    "history_user": null
  }
},
{
  "model": "management.historicalhearing",
  "pk": 84,
  "fields": {
    "id": "43653e3e-4152-4514-ae05-ba3dc3fee091",
    "hearing_date": "2026-03-29",
    "hearing_time": null,
    "next_date": "2026-05-06",
    "hearing_stage": "Judgment",
    "notes": "Hearing proceeding for 2024/FAM/013. Client present. Next date set.",
    "case": "35ba5847-f1f7-4d72-b550-958e3fba4f04",
    "history_date": "2026-07-07T11:36:35.359Z",
    "history_change_reason": null,
    "history_type": "-",
    "history_user": null
  }
},
{
  "model": "management.historicalhearing",
  "pk": 85,
  "fields": {
    "id": "4163ab92-7216-4911-97d3-4487bba91f4a",
    "hearing_date": "2026-08-04",
    "hearing_time": null,
    "next_date": "2026-08-26",
    "hearing_stage": "Witness",
    "notes": "Hearing proceeding for 2023/FAM/007. Client present. Next date set.",
    "case": "2f34061a-e7da-4db0-9c27-64829cf88a1b",
    "history_date": "2026-07-07T11:36:35.359Z",
    "history_change_reason": null,
    "history_type": "-",
    "history_user": null
  }
},
{
  "model": "management.historicalhearing",
  "pk": 86,
  "fields": {
    "id": "336445d6-d248-46d0-878d-e4ea8c90469d",
    "hearing_date": "2026-06-21",
    "hearing_time": null,
    "next_date": "2026-08-04",
    "hearing_stage": "Attendance",
    "notes": "Hearing proceeding for 2023/FAM/007. Client present. Next date set.",
    "case": "2f34061a-e7da-4db0-9c27-64829cf88a1b",
    "history_date": "2026-07-07T11:36:35.360Z",
    "history_change_reason": null,
    "history_type": "-",
    "history_user": null
  }
},
{
  "model": "management.historicalhearing",
  "pk": 87,
  "fields": {
    "id": "2eb4abe8-06fa-4b58-bb0e-2771f1997eed",
    "hearing_date": "2026-01-19",
    "hearing_time": null,
    "next_date": "2026-03-01",
    "hearing_stage": "Arguments",
    "notes": "Hearing proceeding for 2024/CRM/005. Client present. Next date set.",
    "case": "df8604c7-9e6f-4be3-a11e-1b01dfcfca78",
    "history_date": "2026-07-07T11:36:35.361Z",
    "history_change_reason": null,
    "history_type": "-",
    "history_user": null
  }
},
{
  "model": "management.historicalhearing",
  "pk": 88,
  "fields": {
    "id": "2dce5e39-bdf9-4bcb-9ca1-916db230db56",
    "hearing_date": "2026-05-18",
    "hearing_time": null,
    "next_date": "2026-06-21",
    "hearing_stage": "Framing of Issues",
    "notes": "Hearing proceeding for 2023/FAM/007. Client present. Next date set.",
    "case": "2f34061a-e7da-4db0-9c27-64829cf88a1b",
    "history_date": "2026-07-07T11:36:35.361Z",
    "history_change_reason": null,
    "history_type": "-",
    "history_user": null
  }
},
{
  "model": "management.historicalhearing",
  "pk": 89,
  "fields": {
    "id": "275cc170-7d7e-4ebd-acc3-6ec820c32227",
    "hearing_date": "2026-03-01",
    "hearing_time": null,
    "next_date": "2026-04-12",
    "hearing_stage": "Final Arguments",
    "notes": "Hearing proceeding for 2024/FAM/003. Client present. Next date set.",
    "case": "2ba46971-f828-4aa8-844f-90e4c2b9a8dd",
    "history_date": "2026-07-07T11:36:35.362Z",
    "history_change_reason": null,
    "history_type": "-",
    "history_user": null
  }
},
{
  "model": "management.historicalhearing",
  "pk": 90,
  "fields": {
    "id": "1bff2c63-3f1a-4441-b019-1c4d941066db",
    "hearing_date": "2026-04-12",
    "hearing_time": null,
    "next_date": "2026-05-26",
    "hearing_stage": "Framing of Issues",
    "notes": "Hearing proceeding for 2024/FAM/003. Client present. Next date set.",
    "case": "2ba46971-f828-4aa8-844f-90e4c2b9a8dd",
    "history_date": "2026-07-07T11:36:35.363Z",
    "history_change_reason": null,
    "history_type": "-",
    "history_user": null
  }
},
{
  "model": "management.historicalhearing",
  "pk": 91,
  "fields": {
    "id": "161cb2d5-6f64-4727-8176-0417494f5909",
    "hearing_date": "2026-05-26",
    "hearing_time": null,
    "next_date": null,
    "hearing_stage": "Evidence",
    "notes": "Hearing proceeding for 2024/FAM/003. Client present. Next date set.",
    "case": "2ba46971-f828-4aa8-844f-90e4c2b9a8dd",
    "history_date": "2026-07-07T11:36:35.363Z",
    "history_change_reason": null,
    "history_type": "-",
    "history_user": null
  }
},
{
  "model": "management.historicalhearing",
  "pk": 92,
  "fields": {
    "id": "0f62330f-9018-4464-bf74-2513c9809640",
    "hearing_date": "2026-04-10",
    "hearing_time": null,
    "next_date": "2026-05-13",
    "hearing_stage": "Attendance",
    "notes": "Hearing proceeding for 2024/CIV/015. Client present. Next date set.",
    "case": "804c84e6-d819-406e-9c0f-fc220c3989ee",
    "history_date": "2026-07-07T11:36:35.364Z",
    "history_change_reason": null,
    "history_type": "-",
    "history_user": null
  }
},
{
  "model": "management.historicalhearing",
  "pk": 93,
  "fields": {
    "id": "03b23152-bbd3-4278-b2bb-d68cbc08454e",
    "hearing_date": "2026-05-14",
    "hearing_time": null,
    "next_date": null,
    "hearing_stage": "Witness",
    "notes": "Hearing proceeding for 2024/CIV/010. Client present. Next date set.",
    "case": "b71f19cf-ff23-4a4e-81e8-44ae035a7570",
    "history_date": "2026-07-07T11:36:35.365Z",
    "history_change_reason": null,
    "history_type": "-",
    "history_user": null
  }
},
{
  "model": "management.historicalhearing",
  "pk": 94,
  "fields": {
    "id": "02c22a73-e64b-4ed4-81bf-adac0baf0aff",
    "hearing_date": "2026-06-25",
    "hearing_time": null,
    "next_date": "2026-07-24",
    "hearing_stage": "Evidence",
    "notes": "Hearing proceeding for 2024/CRM/008. Client present. Next date set.",
    "case": "531815cc-b1a5-4f60-9d37-bd9bfb88d921",
    "history_date": "2026-07-07T11:36:35.366Z",
    "history_change_reason": null,
    "history_type": "-",
    "history_user": null
  }
},
{
  "model": "management.historicalhearing",
  "pk": 95,
  "fields": {
    "id": "57fd33f3-cb4a-4abd-bdd4-2bd261b65620",
    "hearing_date": "2026-02-23",
    "hearing_time": null,
    "next_date": "2026-03-18",
    "hearing_stage": "Framing of Issues",
    "notes": "Hearing proceeding for 2024/CIV/001. Client present. Next date set.",
    "case": "6aa8791d-c0ed-4a66-8f10-45163a474d5d",
    "history_date": "2026-07-07T11:36:36.721Z",
    "history_change_reason": null,
    "history_type": "+",
    "history_user": null
  }
},
{
  "model": "management.historicalhearing",
  "pk": 96,
  "fields": {
    "id": "d683ba1d-10ba-46d0-8b83-b336cda608fa",
    "hearing_date": "2026-03-18",
    "hearing_time": null,
    "next_date": null,
    "hearing_stage": "Framing of Issues",
    "notes": "Hearing proceeding for 2024/CIV/001. Client present. Next date set.",
    "case": "6aa8791d-c0ed-4a66-8f10-45163a474d5d",
    "history_date": "2026-07-07T11:36:36.725Z",
    "history_change_reason": null,
    "history_type": "+",
    "history_user": null
  }
},
{
  "model": "management.historicalhearing",
  "pk": 97,
  "fields": {
    "id": "67afca55-9e14-4fc3-93d2-4ef84baf5181",
    "hearing_date": "2026-03-19",
    "hearing_time": null,
    "next_date": "2026-04-14",
    "hearing_stage": "Cross-Examination",
    "notes": "Hearing proceeding for 2024/CRM/002. Client present. Next date set.",
    "case": "8aa4d523-65df-40a5-8a9e-8a9aa0087d3b",
    "history_date": "2026-07-07T11:36:36.730Z",
    "history_change_reason": null,
    "history_type": "+",
    "history_user": null
  }
},
{
  "model": "management.historicalhearing",
  "pk": 98,
  "fields": {
    "id": "df382b77-23bb-4d16-980b-4961ce0c6468",
    "hearing_date": "2026-04-14",
    "hearing_time": null,
    "next_date": "2026-05-16",
    "hearing_stage": "Final Arguments",
    "notes": "Hearing proceeding for 2024/CRM/002. Client present. Next date set.",
    "case": "8aa4d523-65df-40a5-8a9e-8a9aa0087d3b",
    "history_date": "2026-07-07T11:36:36.734Z",
    "history_change_reason": null,
    "history_type": "+",
    "history_user": null
  }
},
{
  "model": "management.historicalhearing",
  "pk": 99,
  "fields": {
    "id": "b509794e-3a8c-4185-bc85-7c4a099c9bf0",
    "hearing_date": "2026-05-16",
    "hearing_time": null,
    "next_date": "2026-06-23",
    "hearing_stage": "Cross-Examination",
    "notes": "Hearing proceeding for 2024/CRM/002. Client present. Next date set.",
    "case": "8aa4d523-65df-40a5-8a9e-8a9aa0087d3b",
    "history_date": "2026-07-07T11:36:36.738Z",
    "history_change_reason": null,
    "history_type": "+",
    "history_user": null
  }
},
{
  "model": "management.historicalhearing",
  "pk": 100,
  "fields": {
    "id": "52680adc-673f-4bfa-aa9f-7e7762cc5f1e",
    "hearing_date": "2026-06-23",
    "hearing_time": null,
    "next_date": null,
    "hearing_stage": "Attendance",
    "notes": "Hearing proceeding for 2024/CRM/002. Client present. Next date set.",
    "case": "8aa4d523-65df-40a5-8a9e-8a9aa0087d3b",
    "history_date": "2026-07-07T11:36:36.742Z",
    "history_change_reason": null,
    "history_type": "+",
    "history_user": null
  }
},
{
  "model": "management.historicalhearing",
  "pk": 101,
  "fields": {
    "id": "f2b27a47-4acc-4c81-975f-36db52e77017",
    "hearing_date": "2026-02-19",
    "hearing_time": null,
    "next_date": "2026-04-03",
    "hearing_stage": "Judgment",
    "notes": "Hearing proceeding for 2024/FAM/003. Client present. Next date set.",
    "case": "4e46b4b1-c0a1-4f62-a04a-579319c63bfb",
    "history_date": "2026-07-07T11:36:36.748Z",
    "history_change_reason": null,
    "history_type": "+",
    "history_user": null
  }
},
{
  "model": "management.historicalhearing",
  "pk": 102,
  "fields": {
    "id": "a659ab70-22ad-409a-a20f-a6ef166109a8",
    "hearing_date": "2026-04-03",
    "hearing_time": null,
    "next_date": "2026-05-11",
    "hearing_stage": "Arguments",
    "notes": "Hearing proceeding for 2024/FAM/003. Client present. Next date set.",
    "case": "4e46b4b1-c0a1-4f62-a04a-579319c63bfb",
    "history_date": "2026-07-07T11:36:36.753Z",
    "history_change_reason": null,
    "history_type": "+",
    "history_user": null
  }
},
{
  "model": "management.historicalhearing",
  "pk": 103,
  "fields": {
    "id": "e595b9e6-fb2f-48bf-afb0-822e5a4afb78",
    "hearing_date": "2026-05-11",
    "hearing_time": null,
    "next_date": "2026-06-14",
    "hearing_stage": "Evidence",
    "notes": "Hearing proceeding for 2024/FAM/003. Client present. Next date set.",
    "case": "4e46b4b1-c0a1-4f62-a04a-579319c63bfb",
    "history_date": "2026-07-07T11:36:36.758Z",
    "history_change_reason": null,
    "history_type": "+",
    "history_user": null
  }
},
{
  "model": "management.historicalhearing",
  "pk": 104,
  "fields": {
    "id": "26b87e5e-ac0c-44ae-bfd5-ea73f7187454",
    "hearing_date": "2026-06-14",
    "hearing_time": null,
    "next_date": null,
    "hearing_stage": "Judgment",
    "notes": "Hearing proceeding for 2024/FAM/003. Client present. Next date set.",
    "case": "4e46b4b1-c0a1-4f62-a04a-579319c63bfb",
    "history_date": "2026-07-07T11:36:36.763Z",
    "history_change_reason": null,
    "history_type": "+",
    "history_user": null
  }
},
{
  "model": "management.historicalhearing",
  "pk": 105,
  "fields": {
    "id": "8449a715-3c22-4bea-b137-0ec714f8eb84",
    "hearing_date": "2026-01-28",
    "hearing_time": null,
    "next_date": "2026-02-18",
    "hearing_stage": "Arguments",
    "notes": "Hearing proceeding for 2024/CIV/004. Client present. Next date set.",
    "case": "e2e71801-6cbb-454f-baff-31475216b842",
    "history_date": "2026-07-07T11:36:36.769Z",
    "history_change_reason": null,
    "history_type": "+",
    "history_user": null
  }
},
{
  "model": "management.historicalhearing",
  "pk": 106,
  "fields": {
    "id": "df0a0440-352f-47dc-9b04-3f284a067326",
    "hearing_date": "2026-02-18",
    "hearing_time": null,
    "next_date": null,
    "hearing_stage": "Final Arguments",
    "notes": "Hearing proceeding for 2024/CIV/004. Client present. Next date set.",
    "case": "e2e71801-6cbb-454f-baff-31475216b842",
    "history_date": "2026-07-07T11:36:36.773Z",
    "history_change_reason": null,
    "history_type": "+",
    "history_user": null
  }
},
{
  "model": "management.historicalhearing",
  "pk": 107,
  "fields": {
    "id": "e3a81318-42a6-4215-b080-de60a350af2c",
    "hearing_date": "2026-03-02",
    "hearing_time": null,
    "next_date": "2026-04-02",
    "hearing_stage": "Evidence",
    "notes": "Hearing proceeding for 2024/CRM/005. Client present. Next date set.",
    "case": "1999c9ba-6f25-4206-953d-7a3ff3723a0c",
    "history_date": "2026-07-07T11:36:36.778Z",
    "history_change_reason": null,
    "history_type": "+",
    "history_user": null
  }
},
{
  "model": "management.historicalhearing",
  "pk": 108,
  "fields": {
    "id": "b52fd400-f880-41ef-979d-7d32b3978726",
    "hearing_date": "2026-04-02",
    "hearing_time": null,
    "next_date": "2026-05-13",
    "hearing_stage": "Attendance",
    "notes": "Hearing proceeding for 2024/CRM/005. Client present. Next date set.",
    "case": "1999c9ba-6f25-4206-953d-7a3ff3723a0c",
    "history_date": "2026-07-07T11:36:36.784Z",
    "history_change_reason": null,
    "history_type": "+",
    "history_user": null
  }
},
{
  "model": "management.historicalhearing",
  "pk": 109,
  "fields": {
    "id": "9539f1fd-0332-4c79-bd5d-00c6334c34aa",
    "hearing_date": "2026-05-13",
    "hearing_time": null,
    "next_date": "2026-06-24",
    "hearing_stage": "Evidence",
    "notes": "Hearing proceeding for 2024/CRM/005. Client present. Next date set.",
    "case": "1999c9ba-6f25-4206-953d-7a3ff3723a0c",
    "history_date": "2026-07-07T11:36:36.790Z",
    "history_change_reason": null,
    "history_type": "+",
    "history_user": null
  }
},
{
  "model": "management.historicalhearing",
  "pk": 110,
  "fields": {
    "id": "0ae3586f-e02d-43d8-91f9-aa275f989d68",
    "hearing_date": "2026-06-24",
    "hearing_time": null,
    "next_date": null,
    "hearing_stage": "Arguments",
    "notes": "Hearing proceeding for 2024/CRM/005. Client present. Next date set.",
    "case": "1999c9ba-6f25-4206-953d-7a3ff3723a0c",
    "history_date": "2026-07-07T11:36:36.796Z",
    "history_change_reason": null,
    "history_type": "+",
    "history_user": null
  }
},
{
  "model": "management.historicalhearing",
  "pk": 111,
  "fields": {
    "id": "98a0413f-11cd-491c-908a-36f51ee7759d",
    "hearing_date": "2026-04-25",
    "hearing_time": null,
    "next_date": "2026-06-04",
    "hearing_stage": "Witness",
    "notes": "Hearing proceeding for 2024/CIV/006. Client present. Next date set.",
    "case": "8a1fba74-97dd-4eed-91f0-53d202464f36",
    "history_date": "2026-07-07T11:36:36.802Z",
    "history_change_reason": null,
    "history_type": "+",
    "history_user": null
  }
},
{
  "model": "management.historicalhearing",
  "pk": 112,
  "fields": {
    "id": "27ef7b65-60d5-4430-82d9-eae2af6aafe7",
    "hearing_date": "2026-06-04",
    "hearing_time": null,
    "next_date": "2026-07-05",
    "hearing_stage": "Judgment",
    "notes": "Hearing proceeding for 2024/CIV/006. Client present. Next date set.",
    "case": "8a1fba74-97dd-4eed-91f0-53d202464f36",
    "history_date": "2026-07-07T11:36:36.808Z",
    "history_change_reason": null,
    "history_type": "+",
    "history_user": null
  }
},
{
  "model": "management.historicalhearing",
  "pk": 113,
  "fields": {
    "id": "646a1f68-7e9a-4421-85e8-7bdcfd6d9864",
    "hearing_date": "2026-07-05",
    "hearing_time": null,
    "next_date": "2026-08-15",
    "hearing_stage": "Evidence",
    "notes": "Hearing proceeding for 2024/CIV/006. Client present. Next date set.",
    "case": "8a1fba74-97dd-4eed-91f0-53d202464f36",
    "history_date": "2026-07-07T11:36:36.815Z",
    "history_change_reason": null,
    "history_type": "+",
    "history_user": null
  }
},
{
  "model": "management.historicalhearing",
  "pk": 114,
  "fields": {
    "id": "7eddbe41-3ce2-42f5-9ecd-f048f68c9ce7",
    "hearing_date": "2026-08-15",
    "hearing_time": null,
    "next_date": "2026-09-05",
    "hearing_stage": "Arguments",
    "notes": "Hearing proceeding for 2024/CIV/006. Client present. Next date set.",
    "case": "8a1fba74-97dd-4eed-91f0-53d202464f36",
    "history_date": "2026-07-07T11:36:36.821Z",
    "history_change_reason": null,
    "history_type": "+",
    "history_user": null
  }
},
{
  "model": "management.historicalhearing",
  "pk": 115,
  "fields": {
    "id": "04256026-66db-4ccb-a0e7-026300280cb1",
    "hearing_date": "2026-09-05",
    "hearing_time": null,
    "next_date": null,
    "hearing_stage": "Final Arguments",
    "notes": "Hearing proceeding for 2024/CIV/006. Client present. Next date set.",
    "case": "8a1fba74-97dd-4eed-91f0-53d202464f36",
    "history_date": "2026-07-07T11:36:36.828Z",
    "history_change_reason": null,
    "history_type": "+",
    "history_user": null
  }
},
{
  "model": "management.historicalhearing",
  "pk": 116,
  "fields": {
    "id": "646f5fbc-6001-4a03-862b-8242afe77de9",
    "hearing_date": "2026-02-16",
    "hearing_time": null,
    "next_date": "2026-04-01",
    "hearing_stage": "Evidence",
    "notes": "Hearing proceeding for 2023/FAM/007. Client present. Next date set.",
    "case": "e80287aa-e155-474a-ab02-67aac91a2a5c",
    "history_date": "2026-07-07T11:36:36.835Z",
    "history_change_reason": null,
    "history_type": "+",
    "history_user": null
  }
},
{
  "model": "management.historicalhearing",
  "pk": 117,
  "fields": {
    "id": "83ac581f-d8c1-407b-818b-c4e50505ab56",
    "hearing_date": "2026-04-01",
    "hearing_time": null,
    "next_date": "2026-04-23",
    "hearing_stage": "Final Arguments",
    "notes": "Hearing proceeding for 2023/FAM/007. Client present. Next date set.",
    "case": "e80287aa-e155-474a-ab02-67aac91a2a5c",
    "history_date": "2026-07-07T11:36:36.841Z",
    "history_change_reason": null,
    "history_type": "+",
    "history_user": null
  }
},
{
  "model": "management.historicalhearing",
  "pk": 118,
  "fields": {
    "id": "4add9a42-38b6-4cb2-b20d-ba15f8c7e7b1",
    "hearing_date": "2026-04-23",
    "hearing_time": null,
    "next_date": null,
    "hearing_stage": "Final Arguments",
    "notes": "Hearing proceeding for 2023/FAM/007. Client present. Next date set.",
    "case": "e80287aa-e155-474a-ab02-67aac91a2a5c",
    "history_date": "2026-07-07T11:36:36.848Z",
    "history_change_reason": null,
    "history_type": "+",
    "history_user": null
  }
},
{
  "model": "management.historicalhearing",
  "pk": 119,
  "fields": {
    "id": "be88ff23-a5c3-4a70-b65d-675af0d1dfcc",
    "hearing_date": "2026-02-25",
    "hearing_time": null,
    "next_date": "2026-04-10",
    "hearing_stage": "Cross-Examination",
    "notes": "Hearing proceeding for 2024/CRM/008. Client present. Next date set.",
    "case": "0b0eb4a1-7a90-4cc1-b423-4306ad76f8e0",
    "history_date": "2026-07-07T11:36:36.855Z",
    "history_change_reason": null,
    "history_type": "+",
    "history_user": null
  }
},
{
  "model": "management.historicalhearing",
  "pk": 120,
  "fields": {
    "id": "c487a312-0fb4-427e-b3d0-96325bfb4660",
    "hearing_date": "2026-04-10",
    "hearing_time": null,
    "next_date": null,
    "hearing_stage": "Final Arguments",
    "notes": "Hearing proceeding for 2024/CRM/008. Client present. Next date set.",
    "case": "0b0eb4a1-7a90-4cc1-b423-4306ad76f8e0",
    "history_date": "2026-07-07T11:36:36.862Z",
    "history_change_reason": null,
    "history_type": "+",
    "history_user": null
  }
},
{
  "model": "management.historicalhearing",
  "pk": 121,
  "fields": {
    "id": "f187c2cb-c9e7-42c3-9d1c-b9b11ee0e76a",
    "hearing_date": "2026-04-29",
    "hearing_time": null,
    "next_date": "2026-05-19",
    "hearing_stage": "Witness",
    "notes": "Hearing proceeding for 2024/WRT/009. Client present. Next date set.",
    "case": "f926a6d7-8b3a-4383-a588-2895fa5d6bce",
    "history_date": "2026-07-07T11:36:36.869Z",
    "history_change_reason": null,
    "history_type": "+",
    "history_user": null
  }
},
{
  "model": "management.historicalhearing",
  "pk": 122,
  "fields": {
    "id": "648ff561-9313-4a39-805b-9ca3141bc8f2",
    "hearing_date": "2026-05-19",
    "hearing_time": null,
    "next_date": "2026-06-20",
    "hearing_stage": "Cross-Examination",
    "notes": "Hearing proceeding for 2024/WRT/009. Client present. Next date set.",
    "case": "f926a6d7-8b3a-4383-a588-2895fa5d6bce",
    "history_date": "2026-07-07T11:36:36.876Z",
    "history_change_reason": null,
    "history_type": "+",
    "history_user": null
  }
},
{
  "model": "management.historicalhearing",
  "pk": 123,
  "fields": {
    "id": "776d8e90-1946-4c13-af0b-bed4fe40ca74",
    "hearing_date": "2026-06-20",
    "hearing_time": null,
    "next_date": "2026-08-02",
    "hearing_stage": "Evidence",
    "notes": "Hearing proceeding for 2024/WRT/009. Client present. Next date set.",
    "case": "f926a6d7-8b3a-4383-a588-2895fa5d6bce",
    "history_date": "2026-07-07T11:36:36.884Z",
    "history_change_reason": null,
    "history_type": "+",
    "history_user": null
  }
},
{
  "model": "management.historicalhearing",
  "pk": 124,
  "fields": {
    "id": "cef97a05-5611-4df0-8106-cdd0bf907f2a",
    "hearing_date": "2026-08-02",
    "hearing_time": null,
    "next_date": null,
    "hearing_stage": "Final Arguments",
    "notes": "Hearing proceeding for 2024/WRT/009. Client present. Next date set.",
    "case": "f926a6d7-8b3a-4383-a588-2895fa5d6bce",
    "history_date": "2026-07-07T11:36:36.891Z",
    "history_change_reason": null,
    "history_type": "+",
    "history_user": null
  }
},
{
  "model": "management.historicalhearing",
  "pk": 125,
  "fields": {
    "id": "da74ea1d-ff91-4c14-876b-df95b68469dd",
    "hearing_date": "2026-04-06",
    "hearing_time": null,
    "next_date": "2026-04-26",
    "hearing_stage": "Cross-Examination",
    "notes": "Hearing proceeding for 2024/CIV/010. Client present. Next date set.",
    "case": "5fe0e2af-40fa-4830-a8d3-4d2f2218bf0b",
    "history_date": "2026-07-07T11:36:36.899Z",
    "history_change_reason": null,
    "history_type": "+",
    "history_user": null
  }
},
{
  "model": "management.historicalhearing",
  "pk": 126,
  "fields": {
    "id": "1f7ed062-e7e3-4718-a4e4-14100efe8f41",
    "hearing_date": "2026-04-26",
    "hearing_time": null,
    "next_date": null,
    "hearing_stage": "Witness",
    "notes": "Hearing proceeding for 2024/CIV/010. Client present. Next date set.",
    "case": "5fe0e2af-40fa-4830-a8d3-4d2f2218bf0b",
    "history_date": "2026-07-07T11:36:36.905Z",
    "history_change_reason": null,
    "history_type": "+",
    "history_user": null
  }
},
{
  "model": "management.historicalhearing",
  "pk": 127,
  "fields": {
    "id": "ccf5c339-66e1-46e3-af9d-dc73dccc475c",
    "hearing_date": "2026-04-29",
    "hearing_time": null,
    "next_date": "2026-06-13",
    "hearing_stage": "Framing of Issues",
    "notes": "Hearing proceeding for 2024/CRM/011. Client present. Next date set.",
    "case": "2f13cb2b-2492-4e0d-9d74-7454f99a2ec5",
    "history_date": "2026-07-07T11:36:36.912Z",
    "history_change_reason": null,
    "history_type": "+",
    "history_user": null
  }
},
{
  "model": "management.historicalhearing",
  "pk": 128,
  "fields": {
    "id": "84f0e6af-84e9-4d92-8db8-14a1b629ae8d",
    "hearing_date": "2026-06-13",
    "hearing_time": null,
    "next_date": "2026-07-16",
    "hearing_stage": "Evidence",
    "notes": "Hearing proceeding for 2024/CRM/011. Client present. Next date set.",
    "case": "2f13cb2b-2492-4e0d-9d74-7454f99a2ec5",
    "history_date": "2026-07-07T11:36:36.917Z",
    "history_change_reason": null,
    "history_type": "+",
    "history_user": null
  }
},
{
  "model": "management.historicalhearing",
  "pk": 129,
  "fields": {
    "id": "fd250d6f-b0e6-474d-8f1e-4e3d6b292dd1",
    "hearing_date": "2026-07-16",
    "hearing_time": null,
    "next_date": "2026-08-19",
    "hearing_stage": "Judgment",
    "notes": "Hearing proceeding for 2024/CRM/011. Client present. Next date set.",
    "case": "2f13cb2b-2492-4e0d-9d74-7454f99a2ec5",
    "history_date": "2026-07-07T11:36:36.922Z",
    "history_change_reason": null,
    "history_type": "+",
    "history_user": null
  }
},
{
  "model": "management.historicalhearing",
  "pk": 130,
  "fields": {
    "id": "f391d1ff-e06c-4f6b-98d8-945ad9665d3a",
    "hearing_date": "2026-08-19",
    "hearing_time": null,
    "next_date": null,
    "hearing_stage": "Attendance",
    "notes": "Hearing proceeding for 2024/CRM/011. Client present. Next date set.",
    "case": "2f13cb2b-2492-4e0d-9d74-7454f99a2ec5",
    "history_date": "2026-07-07T11:36:36.927Z",
    "history_change_reason": null,
    "history_type": "+",
    "history_user": null
  }
},
{
  "model": "management.historicalhearing",
  "pk": 131,
  "fields": {
    "id": "3aa0a1cd-2156-4ae9-bb44-353a88721947",
    "hearing_date": "2026-02-18",
    "hearing_time": null,
    "next_date": "2026-04-02",
    "hearing_stage": "Framing of Issues",
    "notes": "Hearing proceeding for 2023/CIV/012. Client present. Next date set.",
    "case": "ccf7ed26-9e42-4a8f-8db6-637489c62225",
    "history_date": "2026-07-07T11:36:36.933Z",
    "history_change_reason": null,
    "history_type": "+",
    "history_user": null
  }
},
{
  "model": "management.historicalhearing",
  "pk": 132,
  "fields": {
    "id": "0f231cf3-6839-4534-840d-17e43c47681b",
    "hearing_date": "2026-04-02",
    "hearing_time": null,
    "next_date": "2026-04-30",
    "hearing_stage": "Evidence",
    "notes": "Hearing proceeding for 2023/CIV/012. Client present. Next date set.",
    "case": "ccf7ed26-9e42-4a8f-8db6-637489c62225",
    "history_date": "2026-07-07T11:36:36.938Z",
    "history_change_reason": null,
    "history_type": "+",
    "history_user": null
  }
},
{
  "model": "management.historicalhearing",
  "pk": 133,
  "fields": {
    "id": "27c8617d-0531-4a4a-88bc-93519aa8ab15",
    "hearing_date": "2026-04-30",
    "hearing_time": null,
    "next_date": null,
    "hearing_stage": "Arguments",
    "notes": "Hearing proceeding for 2023/CIV/012. Client present. Next date set.",
    "case": "ccf7ed26-9e42-4a8f-8db6-637489c62225",
    "history_date": "2026-07-07T11:36:36.944Z",
    "history_change_reason": null,
    "history_type": "+",
    "history_user": null
  }
},
{
  "model": "management.historicalhearing",
  "pk": 134,
  "fields": {
    "id": "272f1130-c744-4607-9f6e-95d432d529c2",
    "hearing_date": "2026-02-23",
    "hearing_time": null,
    "next_date": "2026-04-06",
    "hearing_stage": "Arguments",
    "notes": "Hearing proceeding for 2024/FAM/013. Client present. Next date set.",
    "case": "29eb8c7a-2b09-4a01-869b-dfddef9b6bcc",
    "history_date": "2026-07-07T11:36:36.950Z",
    "history_change_reason": null,
    "history_type": "+",
    "history_user": null
  }
},
{
  "model": "management.historicalhearing",
  "pk": 135,
  "fields": {
    "id": "4eec6bc6-c79b-425c-bf04-8c4422b40e17",
    "hearing_date": "2026-04-06",
    "hearing_time": null,
    "next_date": "2026-05-08",
    "hearing_stage": "Judgment",
    "notes": "Hearing proceeding for 2024/FAM/013. Client present. Next date set.",
    "case": "29eb8c7a-2b09-4a01-869b-dfddef9b6bcc",
    "history_date": "2026-07-07T11:36:36.956Z",
    "history_change_reason": null,
    "history_type": "+",
    "history_user": null
  }
},
{
  "model": "management.historicalhearing",
  "pk": 136,
  "fields": {
    "id": "4020d282-d892-451b-b768-0adf6dfc010c",
    "hearing_date": "2026-05-08",
    "hearing_time": null,
    "next_date": "2026-06-20",
    "hearing_stage": "Final Arguments",
    "notes": "Hearing proceeding for 2024/FAM/013. Client present. Next date set.",
    "case": "29eb8c7a-2b09-4a01-869b-dfddef9b6bcc",
    "history_date": "2026-07-07T11:36:36.960Z",
    "history_change_reason": null,
    "history_type": "+",
    "history_user": null
  }
},
{
  "model": "management.historicalhearing",
  "pk": 137,
  "fields": {
    "id": "7cad2dad-9858-4c74-8a11-77e924f7ad27",
    "hearing_date": "2026-06-20",
    "hearing_time": null,
    "next_date": "2026-07-23",
    "hearing_stage": "Cross-Examination",
    "notes": "Hearing proceeding for 2024/FAM/013. Client present. Next date set.",
    "case": "29eb8c7a-2b09-4a01-869b-dfddef9b6bcc",
    "history_date": "2026-07-07T11:36:36.966Z",
    "history_change_reason": null,
    "history_type": "+",
    "history_user": null
  }
},
{
  "model": "management.historicalhearing",
  "pk": 138,
  "fields": {
    "id": "41183dd1-6f73-4354-8f8f-19da4d24aa9d",
    "hearing_date": "2026-07-23",
    "hearing_time": null,
    "next_date": null,
    "hearing_stage": "Attendance",
    "notes": "Hearing proceeding for 2024/FAM/013. Client present. Next date set.",
    "case": "29eb8c7a-2b09-4a01-869b-dfddef9b6bcc",
    "history_date": "2026-07-07T11:36:36.972Z",
    "history_change_reason": null,
    "history_type": "+",
    "history_user": null
  }
},
{
  "model": "management.historicalhearing",
  "pk": 139,
  "fields": {
    "id": "265e76bb-1320-4970-8f6c-a642956f20d7",
    "hearing_date": "2026-01-17",
    "hearing_time": null,
    "next_date": "2026-02-20",
    "hearing_stage": "Cross-Examination",
    "notes": "Hearing proceeding for 2024/CRM/014. Client present. Next date set.",
    "case": "10046453-22e1-4488-8031-7c93daea3ef9",
    "history_date": "2026-07-07T11:36:36.978Z",
    "history_change_reason": null,
    "history_type": "+",
    "history_user": null
  }
},
{
  "model": "management.historicalhearing",
  "pk": 140,
  "fields": {
    "id": "4443efdd-6897-44d6-b25f-4c4af045b5ad",
    "hearing_date": "2026-02-20",
    "hearing_time": null,
    "next_date": "2026-03-22",
    "hearing_stage": "Witness",
    "notes": "Hearing proceeding for 2024/CRM/014. Client present. Next date set.",
    "case": "10046453-22e1-4488-8031-7c93daea3ef9",
    "history_date": "2026-07-07T11:36:36.985Z",
    "history_change_reason": null,
    "history_type": "+",
    "history_user": null
  }
},
{
  "model": "management.historicalhearing",
  "pk": 141,
  "fields": {
    "id": "f8c2b3e4-bb64-4a9e-8bcb-87f3a6670d7b",
    "hearing_date": "2026-03-22",
    "hearing_time": null,
    "next_date": "2026-04-22",
    "hearing_stage": "Evidence",
    "notes": "Hearing proceeding for 2024/CRM/014. Client present. Next date set.",
    "case": "10046453-22e1-4488-8031-7c93daea3ef9",
    "history_date": "2026-07-07T11:36:36.991Z",
    "history_change_reason": null,
    "history_type": "+",
    "history_user": null
  }
},
{
  "model": "management.historicalhearing",
  "pk": 142,
  "fields": {
    "id": "1c533f4d-22e6-4cee-8ec3-5263ea842573",
    "hearing_date": "2026-04-22",
    "hearing_time": null,
    "next_date": "2026-05-31",
    "hearing_stage": "Judgment",
    "notes": "Hearing proceeding for 2024/CRM/014. Client present. Next date set.",
    "case": "10046453-22e1-4488-8031-7c93daea3ef9",
    "history_date": "2026-07-07T11:36:36.996Z",
    "history_change_reason": null,
    "history_type": "+",
    "history_user": null
  }
},
{
  "model": "management.historicalhearing",
  "pk": 143,
  "fields": {
    "id": "5fe9aa1b-b00b-49e5-ac21-d904a8ebc839",
    "hearing_date": "2026-05-31",
    "hearing_time": null,
    "next_date": null,
    "hearing_stage": "Evidence",
    "notes": "Hearing proceeding for 2024/CRM/014. Client present. Next date set.",
    "case": "10046453-22e1-4488-8031-7c93daea3ef9",
    "history_date": "2026-07-07T11:36:37.003Z",
    "history_change_reason": null,
    "history_type": "+",
    "history_user": null
  }
},
{
  "model": "management.historicalhearing",
  "pk": 144,
  "fields": {
    "id": "71bacdfa-2138-474a-966a-062d2b84a2e8",
    "hearing_date": "2026-03-03",
    "hearing_time": null,
    "next_date": "2026-04-10",
    "hearing_stage": "Judgment",
    "notes": "Hearing proceeding for 2024/CIV/015. Client present. Next date set.",
    "case": "801afd38-d854-4008-8382-6cb9fe719869",
    "history_date": "2026-07-07T11:36:37.010Z",
    "history_change_reason": null,
    "history_type": "+",
    "history_user": null
  }
},
{
  "model": "management.historicalhearing",
  "pk": 145,
  "fields": {
    "id": "e1db0736-fa2b-4900-a0a2-9f972708dff6",
    "hearing_date": "2026-04-10",
    "hearing_time": null,
    "next_date": null,
    "hearing_stage": "Witness",
    "notes": "Hearing proceeding for 2024/CIV/015. Client present. Next date set.",
    "case": "801afd38-d854-4008-8382-6cb9fe719869",
    "history_date": "2026-07-07T11:36:37.017Z",
    "history_change_reason": null,
    "history_type": "+",
    "history_user": null
  }
},
{
  "model": "management.historicalhearing",
  "pk": 146,
  "fields": {
    "id": "fd250d6f-b0e6-474d-8f1e-4e3d6b292dd1",
    "hearing_date": "2026-07-16",
    "hearing_time": null,
    "next_date": "2026-08-19",
    "hearing_stage": "Judgment",
    "notes": "Hearing proceeding for 2024/CRM/011. Client present. Next date set.",
    "case": "2f13cb2b-2492-4e0d-9d74-7454f99a2ec5",
    "history_date": "2026-07-07T11:36:55.930Z",
    "history_change_reason": null,
    "history_type": "-",
    "history_user": null
  }
},
{
  "model": "management.historicalhearing",
  "pk": 147,
  "fields": {
    "id": "f8c2b3e4-bb64-4a9e-8bcb-87f3a6670d7b",
    "hearing_date": "2026-03-22",
    "hearing_time": null,
    "next_date": "2026-04-22",
    "hearing_stage": "Evidence",
    "notes": "Hearing proceeding for 2024/CRM/014. Client present. Next date set.",
    "case": "10046453-22e1-4488-8031-7c93daea3ef9",
    "history_date": "2026-07-07T11:36:55.933Z",
    "history_change_reason": null,
    "history_type": "-",
    "history_user": null
  }
},
{
  "model": "management.historicalhearing",
  "pk": 148,
  "fields": {
    "id": "f391d1ff-e06c-4f6b-98d8-945ad9665d3a",
    "hearing_date": "2026-08-19",
    "hearing_time": null,
    "next_date": null,
    "hearing_stage": "Attendance",
    "notes": "Hearing proceeding for 2024/CRM/011. Client present. Next date set.",
    "case": "2f13cb2b-2492-4e0d-9d74-7454f99a2ec5",
    "history_date": "2026-07-07T11:36:55.933Z",
    "history_change_reason": null,
    "history_type": "-",
    "history_user": null
  }
},
{
  "model": "management.historicalhearing",
  "pk": 149,
  "fields": {
    "id": "f2b27a47-4acc-4c81-975f-36db52e77017",
    "hearing_date": "2026-02-19",
    "hearing_time": null,
    "next_date": "2026-04-03",
    "hearing_stage": "Judgment",
    "notes": "Hearing proceeding for 2024/FAM/003. Client present. Next date set.",
    "case": "4e46b4b1-c0a1-4f62-a04a-579319c63bfb",
    "history_date": "2026-07-07T11:36:55.934Z",
    "history_change_reason": null,
    "history_type": "-",
    "history_user": null
  }
},
{
  "model": "management.historicalhearing",
  "pk": 150,
  "fields": {
    "id": "f187c2cb-c9e7-42c3-9d1c-b9b11ee0e76a",
    "hearing_date": "2026-04-29",
    "hearing_time": null,
    "next_date": "2026-05-19",
    "hearing_stage": "Witness",
    "notes": "Hearing proceeding for 2024/WRT/009. Client present. Next date set.",
    "case": "f926a6d7-8b3a-4383-a588-2895fa5d6bce",
    "history_date": "2026-07-07T11:36:55.935Z",
    "history_change_reason": null,
    "history_type": "-",
    "history_user": null
  }
},
{
  "model": "management.historicalhearing",
  "pk": 151,
  "fields": {
    "id": "e595b9e6-fb2f-48bf-afb0-822e5a4afb78",
    "hearing_date": "2026-05-11",
    "hearing_time": null,
    "next_date": "2026-06-14",
    "hearing_stage": "Evidence",
    "notes": "Hearing proceeding for 2024/FAM/003. Client present. Next date set.",
    "case": "4e46b4b1-c0a1-4f62-a04a-579319c63bfb",
    "history_date": "2026-07-07T11:36:55.936Z",
    "history_change_reason": null,
    "history_type": "-",
    "history_user": null
  }
},
{
  "model": "management.historicalhearing",
  "pk": 152,
  "fields": {
    "id": "e3a81318-42a6-4215-b080-de60a350af2c",
    "hearing_date": "2026-03-02",
    "hearing_time": null,
    "next_date": "2026-04-02",
    "hearing_stage": "Evidence",
    "notes": "Hearing proceeding for 2024/CRM/005. Client present. Next date set.",
    "case": "1999c9ba-6f25-4206-953d-7a3ff3723a0c",
    "history_date": "2026-07-07T11:36:55.936Z",
    "history_change_reason": null,
    "history_type": "-",
    "history_user": null
  }
},
{
  "model": "management.historicalhearing",
  "pk": 153,
  "fields": {
    "id": "e1db0736-fa2b-4900-a0a2-9f972708dff6",
    "hearing_date": "2026-04-10",
    "hearing_time": null,
    "next_date": null,
    "hearing_stage": "Witness",
    "notes": "Hearing proceeding for 2024/CIV/015. Client present. Next date set.",
    "case": "801afd38-d854-4008-8382-6cb9fe719869",
    "history_date": "2026-07-07T11:36:55.937Z",
    "history_change_reason": null,
    "history_type": "-",
    "history_user": null
  }
},
{
  "model": "management.historicalhearing",
  "pk": 154,
  "fields": {
    "id": "df382b77-23bb-4d16-980b-4961ce0c6468",
    "hearing_date": "2026-04-14",
    "hearing_time": null,
    "next_date": "2026-05-16",
    "hearing_stage": "Final Arguments",
    "notes": "Hearing proceeding for 2024/CRM/002. Client present. Next date set.",
    "case": "8aa4d523-65df-40a5-8a9e-8a9aa0087d3b",
    "history_date": "2026-07-07T11:36:55.938Z",
    "history_change_reason": null,
    "history_type": "-",
    "history_user": null
  }
},
{
  "model": "management.historicalhearing",
  "pk": 155,
  "fields": {
    "id": "df0a0440-352f-47dc-9b04-3f284a067326",
    "hearing_date": "2026-02-18",
    "hearing_time": null,
    "next_date": null,
    "hearing_stage": "Final Arguments",
    "notes": "Hearing proceeding for 2024/CIV/004. Client present. Next date set.",
    "case": "e2e71801-6cbb-454f-baff-31475216b842",
    "history_date": "2026-07-07T11:36:55.938Z",
    "history_change_reason": null,
    "history_type": "-",
    "history_user": null
  }
},
{
  "model": "management.historicalhearing",
  "pk": 156,
  "fields": {
    "id": "da74ea1d-ff91-4c14-876b-df95b68469dd",
    "hearing_date": "2026-04-06",
    "hearing_time": null,
    "next_date": "2026-04-26",
    "hearing_stage": "Cross-Examination",
    "notes": "Hearing proceeding for 2024/CIV/010. Client present. Next date set.",
    "case": "5fe0e2af-40fa-4830-a8d3-4d2f2218bf0b",
    "history_date": "2026-07-07T11:36:55.939Z",
    "history_change_reason": null,
    "history_type": "-",
    "history_user": null
  }
},
{
  "model": "management.historicalhearing",
  "pk": 157,
  "fields": {
    "id": "d683ba1d-10ba-46d0-8b83-b336cda608fa",
    "hearing_date": "2026-03-18",
    "hearing_time": null,
    "next_date": null,
    "hearing_stage": "Framing of Issues",
    "notes": "Hearing proceeding for 2024/CIV/001. Client present. Next date set.",
    "case": "6aa8791d-c0ed-4a66-8f10-45163a474d5d",
    "history_date": "2026-07-07T11:36:55.940Z",
    "history_change_reason": null,
    "history_type": "-",
    "history_user": null
  }
},
{
  "model": "management.historicalhearing",
  "pk": 158,
  "fields": {
    "id": "cef97a05-5611-4df0-8106-cdd0bf907f2a",
    "hearing_date": "2026-08-02",
    "hearing_time": null,
    "next_date": null,
    "hearing_stage": "Final Arguments",
    "notes": "Hearing proceeding for 2024/WRT/009. Client present. Next date set.",
    "case": "f926a6d7-8b3a-4383-a588-2895fa5d6bce",
    "history_date": "2026-07-07T11:36:55.941Z",
    "history_change_reason": null,
    "history_type": "-",
    "history_user": null
  }
},
{
  "model": "management.historicalhearing",
  "pk": 159,
  "fields": {
    "id": "ccf5c339-66e1-46e3-af9d-dc73dccc475c",
    "hearing_date": "2026-04-29",
    "hearing_time": null,
    "next_date": "2026-06-13",
    "hearing_stage": "Framing of Issues",
    "notes": "Hearing proceeding for 2024/CRM/011. Client present. Next date set.",
    "case": "2f13cb2b-2492-4e0d-9d74-7454f99a2ec5",
    "history_date": "2026-07-07T11:36:55.942Z",
    "history_change_reason": null,
    "history_type": "-",
    "history_user": null
  }
},
{
  "model": "management.historicalhearing",
  "pk": 160,
  "fields": {
    "id": "c487a312-0fb4-427e-b3d0-96325bfb4660",
    "hearing_date": "2026-04-10",
    "hearing_time": null,
    "next_date": null,
    "hearing_stage": "Final Arguments",
    "notes": "Hearing proceeding for 2024/CRM/008. Client present. Next date set.",
    "case": "0b0eb4a1-7a90-4cc1-b423-4306ad76f8e0",
    "history_date": "2026-07-07T11:36:55.942Z",
    "history_change_reason": null,
    "history_type": "-",
    "history_user": null
  }
},
{
  "model": "management.historicalhearing",
  "pk": 161,
  "fields": {
    "id": "be88ff23-a5c3-4a70-b65d-675af0d1dfcc",
    "hearing_date": "2026-02-25",
    "hearing_time": null,
    "next_date": "2026-04-10",
    "hearing_stage": "Cross-Examination",
    "notes": "Hearing proceeding for 2024/CRM/008. Client present. Next date set.",
    "case": "0b0eb4a1-7a90-4cc1-b423-4306ad76f8e0",
    "history_date": "2026-07-07T11:36:55.943Z",
    "history_change_reason": null,
    "history_type": "-",
    "history_user": null
  }
},
{
  "model": "management.historicalhearing",
  "pk": 162,
  "fields": {
    "id": "b52fd400-f880-41ef-979d-7d32b3978726",
    "hearing_date": "2026-04-02",
    "hearing_time": null,
    "next_date": "2026-05-13",
    "hearing_stage": "Attendance",
    "notes": "Hearing proceeding for 2024/CRM/005. Client present. Next date set.",
    "case": "1999c9ba-6f25-4206-953d-7a3ff3723a0c",
    "history_date": "2026-07-07T11:36:55.944Z",
    "history_change_reason": null,
    "history_type": "-",
    "history_user": null
  }
},
{
  "model": "management.historicalhearing",
  "pk": 163,
  "fields": {
    "id": "b509794e-3a8c-4185-bc85-7c4a099c9bf0",
    "hearing_date": "2026-05-16",
    "hearing_time": null,
    "next_date": "2026-06-23",
    "hearing_stage": "Cross-Examination",
    "notes": "Hearing proceeding for 2024/CRM/002. Client present. Next date set.",
    "case": "8aa4d523-65df-40a5-8a9e-8a9aa0087d3b",
    "history_date": "2026-07-07T11:36:55.945Z",
    "history_change_reason": null,
    "history_type": "-",
    "history_user": null
  }
},
{
  "model": "management.historicalhearing",
  "pk": 164,
  "fields": {
    "id": "a659ab70-22ad-409a-a20f-a6ef166109a8",
    "hearing_date": "2026-04-03",
    "hearing_time": null,
    "next_date": "2026-05-11",
    "hearing_stage": "Arguments",
    "notes": "Hearing proceeding for 2024/FAM/003. Client present. Next date set.",
    "case": "4e46b4b1-c0a1-4f62-a04a-579319c63bfb",
    "history_date": "2026-07-07T11:36:55.945Z",
    "history_change_reason": null,
    "history_type": "-",
    "history_user": null
  }
},
{
  "model": "management.historicalhearing",
  "pk": 165,
  "fields": {
    "id": "98a0413f-11cd-491c-908a-36f51ee7759d",
    "hearing_date": "2026-04-25",
    "hearing_time": null,
    "next_date": "2026-06-04",
    "hearing_stage": "Witness",
    "notes": "Hearing proceeding for 2024/CIV/006. Client present. Next date set.",
    "case": "8a1fba74-97dd-4eed-91f0-53d202464f36",
    "history_date": "2026-07-07T11:36:55.947Z",
    "history_change_reason": null,
    "history_type": "-",
    "history_user": null
  }
},
{
  "model": "management.historicalhearing",
  "pk": 166,
  "fields": {
    "id": "9539f1fd-0332-4c79-bd5d-00c6334c34aa",
    "hearing_date": "2026-05-13",
    "hearing_time": null,
    "next_date": "2026-06-24",
    "hearing_stage": "Evidence",
    "notes": "Hearing proceeding for 2024/CRM/005. Client present. Next date set.",
    "case": "1999c9ba-6f25-4206-953d-7a3ff3723a0c",
    "history_date": "2026-07-07T11:36:55.948Z",
    "history_change_reason": null,
    "history_type": "-",
    "history_user": null
  }
},
{
  "model": "management.historicalhearing",
  "pk": 167,
  "fields": {
    "id": "84f0e6af-84e9-4d92-8db8-14a1b629ae8d",
    "hearing_date": "2026-06-13",
    "hearing_time": null,
    "next_date": "2026-07-16",
    "hearing_stage": "Evidence",
    "notes": "Hearing proceeding for 2024/CRM/011. Client present. Next date set.",
    "case": "2f13cb2b-2492-4e0d-9d74-7454f99a2ec5",
    "history_date": "2026-07-07T11:36:55.949Z",
    "history_change_reason": null,
    "history_type": "-",
    "history_user": null
  }
},
{
  "model": "management.historicalhearing",
  "pk": 168,
  "fields": {
    "id": "8449a715-3c22-4bea-b137-0ec714f8eb84",
    "hearing_date": "2026-01-28",
    "hearing_time": null,
    "next_date": "2026-02-18",
    "hearing_stage": "Arguments",
    "notes": "Hearing proceeding for 2024/CIV/004. Client present. Next date set.",
    "case": "e2e71801-6cbb-454f-baff-31475216b842",
    "history_date": "2026-07-07T11:36:55.950Z",
    "history_change_reason": null,
    "history_type": "-",
    "history_user": null
  }
},
{
  "model": "management.historicalhearing",
  "pk": 169,
  "fields": {
    "id": "83ac581f-d8c1-407b-818b-c4e50505ab56",
    "hearing_date": "2026-04-01",
    "hearing_time": null,
    "next_date": "2026-04-23",
    "hearing_stage": "Final Arguments",
    "notes": "Hearing proceeding for 2023/FAM/007. Client present. Next date set.",
    "case": "e80287aa-e155-474a-ab02-67aac91a2a5c",
    "history_date": "2026-07-07T11:36:55.951Z",
    "history_change_reason": null,
    "history_type": "-",
    "history_user": null
  }
},
{
  "model": "management.historicalhearing",
  "pk": 170,
  "fields": {
    "id": "7eddbe41-3ce2-42f5-9ecd-f048f68c9ce7",
    "hearing_date": "2026-08-15",
    "hearing_time": null,
    "next_date": "2026-09-05",
    "hearing_stage": "Arguments",
    "notes": "Hearing proceeding for 2024/CIV/006. Client present. Next date set.",
    "case": "8a1fba74-97dd-4eed-91f0-53d202464f36",
    "history_date": "2026-07-07T11:36:55.952Z",
    "history_change_reason": null,
    "history_type": "-",
    "history_user": null
  }
},
{
  "model": "management.historicalhearing",
  "pk": 171,
  "fields": {
    "id": "7cad2dad-9858-4c74-8a11-77e924f7ad27",
    "hearing_date": "2026-06-20",
    "hearing_time": null,
    "next_date": "2026-07-23",
    "hearing_stage": "Cross-Examination",
    "notes": "Hearing proceeding for 2024/FAM/013. Client present. Next date set.",
    "case": "29eb8c7a-2b09-4a01-869b-dfddef9b6bcc",
    "history_date": "2026-07-07T11:36:55.952Z",
    "history_change_reason": null,
    "history_type": "-",
    "history_user": null
  }
},
{
  "model": "management.historicalhearing",
  "pk": 172,
  "fields": {
    "id": "776d8e90-1946-4c13-af0b-bed4fe40ca74",
    "hearing_date": "2026-06-20",
    "hearing_time": null,
    "next_date": "2026-08-02",
    "hearing_stage": "Evidence",
    "notes": "Hearing proceeding for 2024/WRT/009. Client present. Next date set.",
    "case": "f926a6d7-8b3a-4383-a588-2895fa5d6bce",
    "history_date": "2026-07-07T11:36:55.953Z",
    "history_change_reason": null,
    "history_type": "-",
    "history_user": null
  }
},
{
  "model": "management.historicalhearing",
  "pk": 173,
  "fields": {
    "id": "71bacdfa-2138-474a-966a-062d2b84a2e8",
    "hearing_date": "2026-03-03",
    "hearing_time": null,
    "next_date": "2026-04-10",
    "hearing_stage": "Judgment",
    "notes": "Hearing proceeding for 2024/CIV/015. Client present. Next date set.",
    "case": "801afd38-d854-4008-8382-6cb9fe719869",
    "history_date": "2026-07-07T11:36:55.954Z",
    "history_change_reason": null,
    "history_type": "-",
    "history_user": null
  }
},
{
  "model": "management.historicalhearing",
  "pk": 174,
  "fields": {
    "id": "67afca55-9e14-4fc3-93d2-4ef84baf5181",
    "hearing_date": "2026-03-19",
    "hearing_time": null,
    "next_date": "2026-04-14",
    "hearing_stage": "Cross-Examination",
    "notes": "Hearing proceeding for 2024/CRM/002. Client present. Next date set.",
    "case": "8aa4d523-65df-40a5-8a9e-8a9aa0087d3b",
    "history_date": "2026-07-07T11:36:55.955Z",
    "history_change_reason": null,
    "history_type": "-",
    "history_user": null
  }
},
{
  "model": "management.historicalhearing",
  "pk": 175,
  "fields": {
    "id": "648ff561-9313-4a39-805b-9ca3141bc8f2",
    "hearing_date": "2026-05-19",
    "hearing_time": null,
    "next_date": "2026-06-20",
    "hearing_stage": "Cross-Examination",
    "notes": "Hearing proceeding for 2024/WRT/009. Client present. Next date set.",
    "case": "f926a6d7-8b3a-4383-a588-2895fa5d6bce",
    "history_date": "2026-07-07T11:36:55.955Z",
    "history_change_reason": null,
    "history_type": "-",
    "history_user": null
  }
},
{
  "model": "management.historicalhearing",
  "pk": 176,
  "fields": {
    "id": "646f5fbc-6001-4a03-862b-8242afe77de9",
    "hearing_date": "2026-02-16",
    "hearing_time": null,
    "next_date": "2026-04-01",
    "hearing_stage": "Evidence",
    "notes": "Hearing proceeding for 2023/FAM/007. Client present. Next date set.",
    "case": "e80287aa-e155-474a-ab02-67aac91a2a5c",
    "history_date": "2026-07-07T11:36:55.956Z",
    "history_change_reason": null,
    "history_type": "-",
    "history_user": null
  }
},
{
  "model": "management.historicalhearing",
  "pk": 177,
  "fields": {
    "id": "646a1f68-7e9a-4421-85e8-7bdcfd6d9864",
    "hearing_date": "2026-07-05",
    "hearing_time": null,
    "next_date": "2026-08-15",
    "hearing_stage": "Evidence",
    "notes": "Hearing proceeding for 2024/CIV/006. Client present. Next date set.",
    "case": "8a1fba74-97dd-4eed-91f0-53d202464f36",
    "history_date": "2026-07-07T11:36:55.957Z",
    "history_change_reason": null,
    "history_type": "-",
    "history_user": null
  }
},
{
  "model": "management.historicalhearing",
  "pk": 178,
  "fields": {
    "id": "5fe9aa1b-b00b-49e5-ac21-d904a8ebc839",
    "hearing_date": "2026-05-31",
    "hearing_time": null,
    "next_date": null,
    "hearing_stage": "Evidence",
    "notes": "Hearing proceeding for 2024/CRM/014. Client present. Next date set.",
    "case": "10046453-22e1-4488-8031-7c93daea3ef9",
    "history_date": "2026-07-07T11:36:55.957Z",
    "history_change_reason": null,
    "history_type": "-",
    "history_user": null
  }
},
{
  "model": "management.historicalhearing",
  "pk": 179,
  "fields": {
    "id": "57fd33f3-cb4a-4abd-bdd4-2bd261b65620",
    "hearing_date": "2026-02-23",
    "hearing_time": null,
    "next_date": "2026-03-18",
    "hearing_stage": "Framing of Issues",
    "notes": "Hearing proceeding for 2024/CIV/001. Client present. Next date set.",
    "case": "6aa8791d-c0ed-4a66-8f10-45163a474d5d",
    "history_date": "2026-07-07T11:36:55.958Z",
    "history_change_reason": null,
    "history_type": "-",
    "history_user": null
  }
},
{
  "model": "management.historicalhearing",
  "pk": 180,
  "fields": {
    "id": "52680adc-673f-4bfa-aa9f-7e7762cc5f1e",
    "hearing_date": "2026-06-23",
    "hearing_time": null,
    "next_date": null,
    "hearing_stage": "Attendance",
    "notes": "Hearing proceeding for 2024/CRM/002. Client present. Next date set.",
    "case": "8aa4d523-65df-40a5-8a9e-8a9aa0087d3b",
    "history_date": "2026-07-07T11:36:55.959Z",
    "history_change_reason": null,
    "history_type": "-",
    "history_user": null
  }
},
{
  "model": "management.historicalhearing",
  "pk": 181,
  "fields": {
    "id": "4eec6bc6-c79b-425c-bf04-8c4422b40e17",
    "hearing_date": "2026-04-06",
    "hearing_time": null,
    "next_date": "2026-05-08",
    "hearing_stage": "Judgment",
    "notes": "Hearing proceeding for 2024/FAM/013. Client present. Next date set.",
    "case": "29eb8c7a-2b09-4a01-869b-dfddef9b6bcc",
    "history_date": "2026-07-07T11:36:55.959Z",
    "history_change_reason": null,
    "history_type": "-",
    "history_user": null
  }
},
{
  "model": "management.historicalhearing",
  "pk": 182,
  "fields": {
    "id": "4add9a42-38b6-4cb2-b20d-ba15f8c7e7b1",
    "hearing_date": "2026-04-23",
    "hearing_time": null,
    "next_date": null,
    "hearing_stage": "Final Arguments",
    "notes": "Hearing proceeding for 2023/FAM/007. Client present. Next date set.",
    "case": "e80287aa-e155-474a-ab02-67aac91a2a5c",
    "history_date": "2026-07-07T11:36:55.960Z",
    "history_change_reason": null,
    "history_type": "-",
    "history_user": null
  }
},
{
  "model": "management.historicalhearing",
  "pk": 183,
  "fields": {
    "id": "4443efdd-6897-44d6-b25f-4c4af045b5ad",
    "hearing_date": "2026-02-20",
    "hearing_time": null,
    "next_date": "2026-03-22",
    "hearing_stage": "Witness",
    "notes": "Hearing proceeding for 2024/CRM/014. Client present. Next date set.",
    "case": "10046453-22e1-4488-8031-7c93daea3ef9",
    "history_date": "2026-07-07T11:36:55.961Z",
    "history_change_reason": null,
    "history_type": "-",
    "history_user": null
  }
},
{
  "model": "management.historicalhearing",
  "pk": 184,
  "fields": {
    "id": "41183dd1-6f73-4354-8f8f-19da4d24aa9d",
    "hearing_date": "2026-07-23",
    "hearing_time": null,
    "next_date": null,
    "hearing_stage": "Attendance",
    "notes": "Hearing proceeding for 2024/FAM/013. Client present. Next date set.",
    "case": "29eb8c7a-2b09-4a01-869b-dfddef9b6bcc",
    "history_date": "2026-07-07T11:36:55.961Z",
    "history_change_reason": null,
    "history_type": "-",
    "history_user": null
  }
},
{
  "model": "management.historicalhearing",
  "pk": 185,
  "fields": {
    "id": "4020d282-d892-451b-b768-0adf6dfc010c",
    "hearing_date": "2026-05-08",
    "hearing_time": null,
    "next_date": "2026-06-20",
    "hearing_stage": "Final Arguments",
    "notes": "Hearing proceeding for 2024/FAM/013. Client present. Next date set.",
    "case": "29eb8c7a-2b09-4a01-869b-dfddef9b6bcc",
    "history_date": "2026-07-07T11:36:55.962Z",
    "history_change_reason": null,
    "history_type": "-",
    "history_user": null
  }
},
{
  "model": "management.historicalhearing",
  "pk": 186,
  "fields": {
    "id": "3aa0a1cd-2156-4ae9-bb44-353a88721947",
    "hearing_date": "2026-02-18",
    "hearing_time": null,
    "next_date": "2026-04-02",
    "hearing_stage": "Framing of Issues",
    "notes": "Hearing proceeding for 2023/CIV/012. Client present. Next date set.",
    "case": "ccf7ed26-9e42-4a8f-8db6-637489c62225",
    "history_date": "2026-07-07T11:36:55.963Z",
    "history_change_reason": null,
    "history_type": "-",
    "history_user": null
  }
},
{
  "model": "management.historicalhearing",
  "pk": 187,
  "fields": {
    "id": "27ef7b65-60d5-4430-82d9-eae2af6aafe7",
    "hearing_date": "2026-06-04",
    "hearing_time": null,
    "next_date": "2026-07-05",
    "hearing_stage": "Judgment",
    "notes": "Hearing proceeding for 2024/CIV/006. Client present. Next date set.",
    "case": "8a1fba74-97dd-4eed-91f0-53d202464f36",
    "history_date": "2026-07-07T11:36:55.965Z",
    "history_change_reason": null,
    "history_type": "-",
    "history_user": null
  }
},
{
  "model": "management.historicalhearing",
  "pk": 188,
  "fields": {
    "id": "27c8617d-0531-4a4a-88bc-93519aa8ab15",
    "hearing_date": "2026-04-30",
    "hearing_time": null,
    "next_date": null,
    "hearing_stage": "Arguments",
    "notes": "Hearing proceeding for 2023/CIV/012. Client present. Next date set.",
    "case": "ccf7ed26-9e42-4a8f-8db6-637489c62225",
    "history_date": "2026-07-07T11:36:55.966Z",
    "history_change_reason": null,
    "history_type": "-",
    "history_user": null
  }
},
{
  "model": "management.historicalhearing",
  "pk": 189,
  "fields": {
    "id": "272f1130-c744-4607-9f6e-95d432d529c2",
    "hearing_date": "2026-02-23",
    "hearing_time": null,
    "next_date": "2026-04-06",
    "hearing_stage": "Arguments",
    "notes": "Hearing proceeding for 2024/FAM/013. Client present. Next date set.",
    "case": "29eb8c7a-2b09-4a01-869b-dfddef9b6bcc",
    "history_date": "2026-07-07T11:36:55.966Z",
    "history_change_reason": null,
    "history_type": "-",
    "history_user": null
  }
},
{
  "model": "management.historicalhearing",
  "pk": 190,
  "fields": {
    "id": "26b87e5e-ac0c-44ae-bfd5-ea73f7187454",
    "hearing_date": "2026-06-14",
    "hearing_time": null,
    "next_date": null,
    "hearing_stage": "Judgment",
    "notes": "Hearing proceeding for 2024/FAM/003. Client present. Next date set.",
    "case": "4e46b4b1-c0a1-4f62-a04a-579319c63bfb",
    "history_date": "2026-07-07T11:36:55.967Z",
    "history_change_reason": null,
    "history_type": "-",
    "history_user": null
  }
},
{
  "model": "management.historicalhearing",
  "pk": 191,
  "fields": {
    "id": "265e76bb-1320-4970-8f6c-a642956f20d7",
    "hearing_date": "2026-01-17",
    "hearing_time": null,
    "next_date": "2026-02-20",
    "hearing_stage": "Cross-Examination",
    "notes": "Hearing proceeding for 2024/CRM/014. Client present. Next date set.",
    "case": "10046453-22e1-4488-8031-7c93daea3ef9",
    "history_date": "2026-07-07T11:36:55.968Z",
    "history_change_reason": null,
    "history_type": "-",
    "history_user": null
  }
},
{
  "model": "management.historicalhearing",
  "pk": 192,
  "fields": {
    "id": "1f7ed062-e7e3-4718-a4e4-14100efe8f41",
    "hearing_date": "2026-04-26",
    "hearing_time": null,
    "next_date": null,
    "hearing_stage": "Witness",
    "notes": "Hearing proceeding for 2024/CIV/010. Client present. Next date set.",
    "case": "5fe0e2af-40fa-4830-a8d3-4d2f2218bf0b",
    "history_date": "2026-07-07T11:36:55.968Z",
    "history_change_reason": null,
    "history_type": "-",
    "history_user": null
  }
},
{
  "model": "management.historicalhearing",
  "pk": 193,
  "fields": {
    "id": "1c533f4d-22e6-4cee-8ec3-5263ea842573",
    "hearing_date": "2026-04-22",
    "hearing_time": null,
    "next_date": "2026-05-31",
    "hearing_stage": "Judgment",
    "notes": "Hearing proceeding for 2024/CRM/014. Client present. Next date set.",
    "case": "10046453-22e1-4488-8031-7c93daea3ef9",
    "history_date": "2026-07-07T11:36:55.969Z",
    "history_change_reason": null,
    "history_type": "-",
    "history_user": null
  }
},
{
  "model": "management.historicalhearing",
  "pk": 194,
  "fields": {
    "id": "0f231cf3-6839-4534-840d-17e43c47681b",
    "hearing_date": "2026-04-02",
    "hearing_time": null,
    "next_date": "2026-04-30",
    "hearing_stage": "Evidence",
    "notes": "Hearing proceeding for 2023/CIV/012. Client present. Next date set.",
    "case": "ccf7ed26-9e42-4a8f-8db6-637489c62225",
    "history_date": "2026-07-07T11:36:55.970Z",
    "history_change_reason": null,
    "history_type": "-",
    "history_user": null
  }
},
{
  "model": "management.historicalhearing",
  "pk": 195,
  "fields": {
    "id": "0ae3586f-e02d-43d8-91f9-aa275f989d68",
    "hearing_date": "2026-06-24",
    "hearing_time": null,
    "next_date": null,
    "hearing_stage": "Arguments",
    "notes": "Hearing proceeding for 2024/CRM/005. Client present. Next date set.",
    "case": "1999c9ba-6f25-4206-953d-7a3ff3723a0c",
    "history_date": "2026-07-07T11:36:55.971Z",
    "history_change_reason": null,
    "history_type": "-",
    "history_user": null
  }
},
{
  "model": "management.historicalhearing",
  "pk": 196,
  "fields": {
    "id": "04256026-66db-4ccb-a0e7-026300280cb1",
    "hearing_date": "2026-09-05",
    "hearing_time": null,
    "next_date": null,
    "hearing_stage": "Final Arguments",
    "notes": "Hearing proceeding for 2024/CIV/006. Client present. Next date set.",
    "case": "8a1fba74-97dd-4eed-91f0-53d202464f36",
    "history_date": "2026-07-07T11:36:55.972Z",
    "history_change_reason": null,
    "history_type": "-",
    "history_user": null
  }
},
{
  "model": "management.historicalhearing",
  "pk": 197,
  "fields": {
    "id": "f9e538d4-4527-46a7-beff-a928aa1f577f",
    "hearing_date": "2026-02-08",
    "hearing_time": null,
    "next_date": "2026-03-06",
    "hearing_stage": "Framing of Issues",
    "notes": "Hearing proceeding for 2024/CIV/001. Client present. Next date set.",
    "case": "c3cf1bd8-df32-4d93-b7dd-ee9513c9a365",
    "history_date": "2026-07-07T11:36:57.344Z",
    "history_change_reason": null,
    "history_type": "+",
    "history_user": null
  }
},
{
  "model": "management.historicalhearing",
  "pk": 198,
  "fields": {
    "id": "fa0f4c0c-573c-4316-a990-9501147ea493",
    "hearing_date": "2026-03-06",
    "hearing_time": null,
    "next_date": null,
    "hearing_stage": "Witness",
    "notes": "Hearing proceeding for 2024/CIV/001. Client present. Next date set.",
    "case": "c3cf1bd8-df32-4d93-b7dd-ee9513c9a365",
    "history_date": "2026-07-07T11:36:57.349Z",
    "history_change_reason": null,
    "history_type": "+",
    "history_user": null
  }
},
{
  "model": "management.historicalhearing",
  "pk": 199,
  "fields": {
    "id": "0ec08ce6-449b-4417-ad3d-5a33046f4d47",
    "hearing_date": "2026-01-11",
    "hearing_time": null,
    "next_date": "2026-02-05",
    "hearing_stage": "Witness",
    "notes": "Hearing proceeding for 2024/CRM/002. Client present. Next date set.",
    "case": "d000726a-2fb6-43c1-b246-07247bc4d3a5",
    "history_date": "2026-07-07T11:36:57.354Z",
    "history_change_reason": null,
    "history_type": "+",
    "history_user": null
  }
},
{
  "model": "management.historicalhearing",
  "pk": 200,
  "fields": {
    "id": "ab340a7a-771d-48ca-8791-7191c745bc28",
    "hearing_date": "2026-02-05",
    "hearing_time": null,
    "next_date": "2026-02-27",
    "hearing_stage": "Evidence",
    "notes": "Hearing proceeding for 2024/CRM/002. Client present. Next date set.",
    "case": "d000726a-2fb6-43c1-b246-07247bc4d3a5",
    "history_date": "2026-07-07T11:36:57.358Z",
    "history_change_reason": null,
    "history_type": "+",
    "history_user": null
  }
},
{
  "model": "management.historicalhearing",
  "pk": 201,
  "fields": {
    "id": "4d781f90-f3bf-4484-b2ab-f049aa9d597f",
    "hearing_date": "2026-02-27",
    "hearing_time": null,
    "next_date": "2026-04-07",
    "hearing_stage": "Framing of Issues",
    "notes": "Hearing proceeding for 2024/CRM/002. Client present. Next date set.",
    "case": "d000726a-2fb6-43c1-b246-07247bc4d3a5",
    "history_date": "2026-07-07T11:36:57.363Z",
    "history_change_reason": null,
    "history_type": "+",
    "history_user": null
  }
},
{
  "model": "management.historicalhearing",
  "pk": 202,
  "fields": {
    "id": "dc60d255-28b2-4876-9706-b2fe62e6549e",
    "hearing_date": "2026-04-07",
    "hearing_time": null,
    "next_date": "2026-05-20",
    "hearing_stage": "Evidence",
    "notes": "Hearing proceeding for 2024/CRM/002. Client present. Next date set.",
    "case": "d000726a-2fb6-43c1-b246-07247bc4d3a5",
    "history_date": "2026-07-07T11:36:57.367Z",
    "history_change_reason": null,
    "history_type": "+",
    "history_user": null
  }
},
{
  "model": "management.historicalhearing",
  "pk": 203,
  "fields": {
    "id": "9ccb12f8-d325-4a9a-be3c-64018a7a25b4",
    "hearing_date": "2026-05-20",
    "hearing_time": null,
    "next_date": null,
    "hearing_stage": "Final Arguments",
    "notes": "Hearing proceeding for 2024/CRM/002. Client present. Next date set.",
    "case": "d000726a-2fb6-43c1-b246-07247bc4d3a5",
    "history_date": "2026-07-07T11:36:57.373Z",
    "history_change_reason": null,
    "history_type": "+",
    "history_user": null
  }
},
{
  "model": "management.historicalhearing",
  "pk": 204,
  "fields": {
    "id": "8441c831-69c4-4223-8763-239be4b9cf7d",
    "hearing_date": "2026-02-26",
    "hearing_time": null,
    "next_date": "2026-04-02",
    "hearing_stage": "Witness",
    "notes": "Hearing proceeding for 2024/FAM/003. Client present. Next date set.",
    "case": "81bff9b9-57e1-4c82-842d-60ddf407d9f0",
    "history_date": "2026-07-07T11:36:57.378Z",
    "history_change_reason": null,
    "history_type": "+",
    "history_user": null
  }
},
{
  "model": "management.historicalhearing",
  "pk": 205,
  "fields": {
    "id": "788d21f9-70f0-499f-84af-011d486c045c",
    "hearing_date": "2026-04-02",
    "hearing_time": null,
    "next_date": "2026-04-28",
    "hearing_stage": "Arguments",
    "notes": "Hearing proceeding for 2024/FAM/003. Client present. Next date set.",
    "case": "81bff9b9-57e1-4c82-842d-60ddf407d9f0",
    "history_date": "2026-07-07T11:36:57.385Z",
    "history_change_reason": null,
    "history_type": "+",
    "history_user": null
  }
},
{
  "model": "management.historicalhearing",
  "pk": 206,
  "fields": {
    "id": "005be2c3-c33b-43d2-b84f-3fd7f42bbb50",
    "hearing_date": "2026-04-28",
    "hearing_time": null,
    "next_date": "2026-05-29",
    "hearing_stage": "Judgment",
    "notes": "Hearing proceeding for 2024/FAM/003. Client present. Next date set.",
    "case": "81bff9b9-57e1-4c82-842d-60ddf407d9f0",
    "history_date": "2026-07-07T11:36:57.392Z",
    "history_change_reason": null,
    "history_type": "+",
    "history_user": null
  }
},
{
  "model": "management.historicalhearing",
  "pk": 207,
  "fields": {
    "id": "f03f5d5e-8fed-4352-a3ef-fc7c8dade762",
    "hearing_date": "2026-05-29",
    "hearing_time": null,
    "next_date": null,
    "hearing_stage": "Judgment",
    "notes": "Hearing proceeding for 2024/FAM/003. Client present. Next date set.",
    "case": "81bff9b9-57e1-4c82-842d-60ddf407d9f0",
    "history_date": "2026-07-07T11:36:57.400Z",
    "history_change_reason": null,
    "history_type": "+",
    "history_user": null
  }
},
{
  "model": "management.historicalhearing",
  "pk": 208,
  "fields": {
    "id": "24575b9e-400b-4865-9d66-aba6133f9c02",
    "hearing_date": "2026-03-18",
    "hearing_time": null,
    "next_date": "2026-04-07",
    "hearing_stage": "Final Arguments",
    "notes": "Hearing proceeding for 2024/CIV/004. Client present. Next date set.",
    "case": "efa07127-0482-453d-916f-0e5f6ec8642e",
    "history_date": "2026-07-07T11:36:57.407Z",
    "history_change_reason": null,
    "history_type": "+",
    "history_user": null
  }
},
{
  "model": "management.historicalhearing",
  "pk": 209,
  "fields": {
    "id": "0e6e481d-35e2-469e-bc1a-90191878534e",
    "hearing_date": "2026-04-07",
    "hearing_time": null,
    "next_date": null,
    "hearing_stage": "Arguments",
    "notes": "Hearing proceeding for 2024/CIV/004. Client present. Next date set.",
    "case": "efa07127-0482-453d-916f-0e5f6ec8642e",
    "history_date": "2026-07-07T11:36:57.414Z",
    "history_change_reason": null,
    "history_type": "+",
    "history_user": null
  }
},
{
  "model": "management.historicalhearing",
  "pk": 210,
  "fields": {
    "id": "efb1979d-12d4-4f1d-b3ca-141ffd4788c4",
    "hearing_date": "2026-02-19",
    "hearing_time": null,
    "next_date": "2026-03-20",
    "hearing_stage": "Evidence",
    "notes": "Hearing proceeding for 2024/CRM/005. Client present. Next date set.",
    "case": "2901bc42-bb5b-4e1e-8abc-bd673d576af7",
    "history_date": "2026-07-07T11:36:57.421Z",
    "history_change_reason": null,
    "history_type": "+",
    "history_user": null
  }
},
{
  "model": "management.historicalhearing",
  "pk": 211,
  "fields": {
    "id": "3b5469fd-47e6-40c6-a4df-48cc61efd649",
    "hearing_date": "2026-03-20",
    "hearing_time": null,
    "next_date": "2026-04-14",
    "hearing_stage": "Framing of Issues",
    "notes": "Hearing proceeding for 2024/CRM/005. Client present. Next date set.",
    "case": "2901bc42-bb5b-4e1e-8abc-bd673d576af7",
    "history_date": "2026-07-07T11:36:57.428Z",
    "history_change_reason": null,
    "history_type": "+",
    "history_user": null
  }
},
{
  "model": "management.historicalhearing",
  "pk": 212,
  "fields": {
    "id": "ab9070ea-0f01-4d2f-a5f4-fef74c2ebb07",
    "hearing_date": "2026-04-14",
    "hearing_time": null,
    "next_date": null,
    "hearing_stage": "Judgment",
    "notes": "Hearing proceeding for 2024/CRM/005. Client present. Next date set.",
    "case": "2901bc42-bb5b-4e1e-8abc-bd673d576af7",
    "history_date": "2026-07-07T11:36:57.434Z",
    "history_change_reason": null,
    "history_type": "+",
    "history_user": null
  }
},
{
  "model": "management.historicalhearing",
  "pk": 213,
  "fields": {
    "id": "6c4c5793-c4c8-4930-8ebb-c3f1612c4194",
    "hearing_date": "2026-03-01",
    "hearing_time": null,
    "next_date": "2026-04-06",
    "hearing_stage": "Judgment",
    "notes": "Hearing proceeding for 2024/CIV/006. Client present. Next date set.",
    "case": "ab31da2b-ba48-43b5-bfea-b5a79712e5a1",
    "history_date": "2026-07-07T11:36:57.442Z",
    "history_change_reason": null,
    "history_type": "+",
    "history_user": null
  }
},
{
  "model": "management.historicalhearing",
  "pk": 214,
  "fields": {
    "id": "9660902d-0e02-460e-bf63-e2f5ac783d94",
    "hearing_date": "2026-04-06",
    "hearing_time": null,
    "next_date": "2026-05-01",
    "hearing_stage": "Attendance",
    "notes": "Hearing proceeding for 2024/CIV/006. Client present. Next date set.",
    "case": "ab31da2b-ba48-43b5-bfea-b5a79712e5a1",
    "history_date": "2026-07-07T11:36:57.449Z",
    "history_change_reason": null,
    "history_type": "+",
    "history_user": null
  }
},
{
  "model": "management.historicalhearing",
  "pk": 215,
  "fields": {
    "id": "712e036f-bc80-4a97-91a1-38b60e087c29",
    "hearing_date": "2026-05-01",
    "hearing_time": null,
    "next_date": "2026-06-09",
    "hearing_stage": "Arguments",
    "notes": "Hearing proceeding for 2024/CIV/006. Client present. Next date set.",
    "case": "ab31da2b-ba48-43b5-bfea-b5a79712e5a1",
    "history_date": "2026-07-07T11:36:57.455Z",
    "history_change_reason": null,
    "history_type": "+",
    "history_user": null
  }
},
{
  "model": "management.historicalhearing",
  "pk": 216,
  "fields": {
    "id": "260659f5-f253-4503-adc3-5f3fa98e19fd",
    "hearing_date": "2026-06-09",
    "hearing_time": null,
    "next_date": "2026-07-03",
    "hearing_stage": "Final Arguments",
    "notes": "Hearing proceeding for 2024/CIV/006. Client present. Next date set.",
    "case": "ab31da2b-ba48-43b5-bfea-b5a79712e5a1",
    "history_date": "2026-07-07T11:36:57.461Z",
    "history_change_reason": null,
    "history_type": "+",
    "history_user": null
  }
},
{
  "model": "management.historicalhearing",
  "pk": 217,
  "fields": {
    "id": "982bb398-e2f4-4631-a0d8-5d197034ae63",
    "hearing_date": "2026-07-03",
    "hearing_time": null,
    "next_date": null,
    "hearing_stage": "Final Arguments",
    "notes": "Hearing proceeding for 2024/CIV/006. Client present. Next date set.",
    "case": "ab31da2b-ba48-43b5-bfea-b5a79712e5a1",
    "history_date": "2026-07-07T11:36:57.467Z",
    "history_change_reason": null,
    "history_type": "+",
    "history_user": null
  }
},
{
  "model": "management.historicalhearing",
  "pk": 218,
  "fields": {
    "id": "bb9ac78e-8af9-4e89-89b7-6dae97c150a3",
    "hearing_date": "2026-04-04",
    "hearing_time": null,
    "next_date": "2026-05-02",
    "hearing_stage": "Evidence",
    "notes": "Hearing proceeding for 2023/FAM/007. Client present. Next date set.",
    "case": "1fa2d666-3e4b-4c22-8a85-79abf4ba9e9f",
    "history_date": "2026-07-07T11:36:57.474Z",
    "history_change_reason": null,
    "history_type": "+",
    "history_user": null
  }
},
{
  "model": "management.historicalhearing",
  "pk": 219,
  "fields": {
    "id": "88c36c36-db8b-429f-a11c-9e40d3e7816e",
    "hearing_date": "2026-05-02",
    "hearing_time": null,
    "next_date": null,
    "hearing_stage": "Witness",
    "notes": "Hearing proceeding for 2023/FAM/007. Client present. Next date set.",
    "case": "1fa2d666-3e4b-4c22-8a85-79abf4ba9e9f",
    "history_date": "2026-07-07T11:36:57.481Z",
    "history_change_reason": null,
    "history_type": "+",
    "history_user": null
  }
},
{
  "model": "management.historicalhearing",
  "pk": 220,
  "fields": {
    "id": "45da22d5-b32b-4e8c-aafc-f7b3f4b4f69e",
    "hearing_date": "2026-05-02",
    "hearing_time": null,
    "next_date": "2026-05-26",
    "hearing_stage": "Arguments",
    "notes": "Hearing proceeding for 2024/CRM/008. Client present. Next date set.",
    "case": "a05c8412-9243-4b35-a48e-c688e0cf051a",
    "history_date": "2026-07-07T11:36:57.488Z",
    "history_change_reason": null,
    "history_type": "+",
    "history_user": null
  }
},
{
  "model": "management.historicalhearing",
  "pk": 221,
  "fields": {
    "id": "6f1822db-2498-49dd-b07e-255c189d813a",
    "hearing_date": "2026-05-26",
    "hearing_time": null,
    "next_date": "2026-07-10",
    "hearing_stage": "Cross-Examination",
    "notes": "Hearing proceeding for 2024/CRM/008. Client present. Next date set.",
    "case": "a05c8412-9243-4b35-a48e-c688e0cf051a",
    "history_date": "2026-07-07T11:36:57.494Z",
    "history_change_reason": null,
    "history_type": "+",
    "history_user": null
  }
},
{
  "model": "management.historicalhearing",
  "pk": 222,
  "fields": {
    "id": "d964491e-e655-42eb-a734-b54a1df16839",
    "hearing_date": "2026-07-10",
    "hearing_time": null,
    "next_date": "2026-07-31",
    "hearing_stage": "Framing of Issues",
    "notes": "Hearing proceeding for 2024/CRM/008. Client present. Next date set.",
    "case": "a05c8412-9243-4b35-a48e-c688e0cf051a",
    "history_date": "2026-07-07T11:36:57.500Z",
    "history_change_reason": null,
    "history_type": "+",
    "history_user": null
  }
},
{
  "model": "management.historicalhearing",
  "pk": 223,
  "fields": {
    "id": "8285f2d8-c7a5-46f9-b140-74861a80138e",
    "hearing_date": "2026-07-31",
    "hearing_time": null,
    "next_date": null,
    "hearing_stage": "Cross-Examination",
    "notes": "Hearing proceeding for 2024/CRM/008. Client present. Next date set.",
    "case": "a05c8412-9243-4b35-a48e-c688e0cf051a",
    "history_date": "2026-07-07T11:36:57.507Z",
    "history_change_reason": null,
    "history_type": "+",
    "history_user": null
  }
},
{
  "model": "management.historicalhearing",
  "pk": 224,
  "fields": {
    "id": "0e9e6f7e-5e42-442b-bc77-37d043e48065",
    "hearing_date": "2026-03-08",
    "hearing_time": null,
    "next_date": "2026-04-05",
    "hearing_stage": "Evidence",
    "notes": "Hearing proceeding for 2024/WRT/009. Client present. Next date set.",
    "case": "e7eaa074-8e14-4616-88cd-3d73a19a9753",
    "history_date": "2026-07-07T11:36:57.515Z",
    "history_change_reason": null,
    "history_type": "+",
    "history_user": null
  }
},
{
  "model": "management.historicalhearing",
  "pk": 225,
  "fields": {
    "id": "5b96c415-645a-4be0-a9d9-22714e14daa4",
    "hearing_date": "2026-04-05",
    "hearing_time": null,
    "next_date": "2026-04-27",
    "hearing_stage": "Judgment",
    "notes": "Hearing proceeding for 2024/WRT/009. Client present. Next date set.",
    "case": "e7eaa074-8e14-4616-88cd-3d73a19a9753",
    "history_date": "2026-07-07T11:36:57.521Z",
    "history_change_reason": null,
    "history_type": "+",
    "history_user": null
  }
},
{
  "model": "management.historicalhearing",
  "pk": 226,
  "fields": {
    "id": "b135827f-3247-4b71-a8ed-7dc9acaa1d50",
    "hearing_date": "2026-04-27",
    "hearing_time": null,
    "next_date": "2026-06-08",
    "hearing_stage": "Final Arguments",
    "notes": "Hearing proceeding for 2024/WRT/009. Client present. Next date set.",
    "case": "e7eaa074-8e14-4616-88cd-3d73a19a9753",
    "history_date": "2026-07-07T11:36:57.527Z",
    "history_change_reason": null,
    "history_type": "+",
    "history_user": null
  }
},
{
  "model": "management.historicalhearing",
  "pk": 227,
  "fields": {
    "id": "e7845abe-8231-44dd-9b68-9a3f071e827e",
    "hearing_date": "2026-06-08",
    "hearing_time": null,
    "next_date": null,
    "hearing_stage": "Final Arguments",
    "notes": "Hearing proceeding for 2024/WRT/009. Client present. Next date set.",
    "case": "e7eaa074-8e14-4616-88cd-3d73a19a9753",
    "history_date": "2026-07-07T11:36:57.533Z",
    "history_change_reason": null,
    "history_type": "+",
    "history_user": null
  }
},
{
  "model": "management.historicalhearing",
  "pk": 228,
  "fields": {
    "id": "e5fa6d28-45af-4274-88f4-995110ba3515",
    "hearing_date": "2026-03-26",
    "hearing_time": null,
    "next_date": "2026-05-04",
    "hearing_stage": "Cross-Examination",
    "notes": "Hearing proceeding for 2024/CIV/010. Client present. Next date set.",
    "case": "18d6a900-ebc8-4cdb-9b8a-dd33e4485dd6",
    "history_date": "2026-07-07T11:36:57.541Z",
    "history_change_reason": null,
    "history_type": "+",
    "history_user": null
  }
},
{
  "model": "management.historicalhearing",
  "pk": 229,
  "fields": {
    "id": "bad37015-adf8-45fb-8bd3-2797ed98be0e",
    "hearing_date": "2026-05-04",
    "hearing_time": null,
    "next_date": "2026-06-09",
    "hearing_stage": "Attendance",
    "notes": "Hearing proceeding for 2024/CIV/010. Client present. Next date set.",
    "case": "18d6a900-ebc8-4cdb-9b8a-dd33e4485dd6",
    "history_date": "2026-07-07T11:36:57.548Z",
    "history_change_reason": null,
    "history_type": "+",
    "history_user": null
  }
},
{
  "model": "management.historicalhearing",
  "pk": 230,
  "fields": {
    "id": "0dc3c692-3215-44ca-b89d-2870023d5963",
    "hearing_date": "2026-06-09",
    "hearing_time": null,
    "next_date": "2026-07-20",
    "hearing_stage": "Framing of Issues",
    "notes": "Hearing proceeding for 2024/CIV/010. Client present. Next date set.",
    "case": "18d6a900-ebc8-4cdb-9b8a-dd33e4485dd6",
    "history_date": "2026-07-07T11:36:57.554Z",
    "history_change_reason": null,
    "history_type": "+",
    "history_user": null
  }
},
{
  "model": "management.historicalhearing",
  "pk": 231,
  "fields": {
    "id": "5b9be834-d07f-4814-980d-5b5151d52b57",
    "hearing_date": "2026-07-20",
    "hearing_time": null,
    "next_date": null,
    "hearing_stage": "Witness",
    "notes": "Hearing proceeding for 2024/CIV/010. Client present. Next date set.",
    "case": "18d6a900-ebc8-4cdb-9b8a-dd33e4485dd6",
    "history_date": "2026-07-07T11:36:57.561Z",
    "history_change_reason": null,
    "history_type": "+",
    "history_user": null
  }
},
{
  "model": "management.historicalhearing",
  "pk": 232,
  "fields": {
    "id": "679fd150-0052-435e-b22d-59a5c2474d52",
    "hearing_date": "2026-03-22",
    "hearing_time": null,
    "next_date": "2026-04-20",
    "hearing_stage": "Framing of Issues",
    "notes": "Hearing proceeding for 2024/CRM/011. Client present. Next date set.",
    "case": "e13dd2a0-e6ac-4947-876b-96bb90976b2b",
    "history_date": "2026-07-07T11:36:57.569Z",
    "history_change_reason": null,
    "history_type": "+",
    "history_user": null
  }
},
{
  "model": "management.historicalhearing",
  "pk": 233,
  "fields": {
    "id": "ad5fb74d-946a-4e52-b7a4-36961e66b943",
    "hearing_date": "2026-04-20",
    "hearing_time": null,
    "next_date": null,
    "hearing_stage": "Final Arguments",
    "notes": "Hearing proceeding for 2024/CRM/011. Client present. Next date set.",
    "case": "e13dd2a0-e6ac-4947-876b-96bb90976b2b",
    "history_date": "2026-07-07T11:36:57.576Z",
    "history_change_reason": null,
    "history_type": "+",
    "history_user": null
  }
},
{
  "model": "management.historicalhearing",
  "pk": 234,
  "fields": {
    "id": "f07934e0-89b1-4659-a732-7e17ecbedf2d",
    "hearing_date": "2026-04-02",
    "hearing_time": null,
    "next_date": "2026-04-25",
    "hearing_stage": "Arguments",
    "notes": "Hearing proceeding for 2023/CIV/012. Client present. Next date set.",
    "case": "fe5fd88e-185d-4818-9f9d-7a2d1cce7698",
    "history_date": "2026-07-07T11:36:57.583Z",
    "history_change_reason": null,
    "history_type": "+",
    "history_user": null
  }
},
{
  "model": "management.historicalhearing",
  "pk": 235,
  "fields": {
    "id": "01b5dc1a-13c0-497a-b154-3076ffe698da",
    "hearing_date": "2026-04-25",
    "hearing_time": null,
    "next_date": "2026-05-18",
    "hearing_stage": "Evidence",
    "notes": "Hearing proceeding for 2023/CIV/012. Client present. Next date set.",
    "case": "fe5fd88e-185d-4818-9f9d-7a2d1cce7698",
    "history_date": "2026-07-07T11:36:57.590Z",
    "history_change_reason": null,
    "history_type": "+",
    "history_user": null
  }
},
{
  "model": "management.historicalhearing",
  "pk": 236,
  "fields": {
    "id": "f0c41d27-9e8c-4b53-85af-edc307dda633",
    "hearing_date": "2026-05-18",
    "hearing_time": null,
    "next_date": "2026-06-07",
    "hearing_stage": "Attendance",
    "notes": "Hearing proceeding for 2023/CIV/012. Client present. Next date set.",
    "case": "fe5fd88e-185d-4818-9f9d-7a2d1cce7698",
    "history_date": "2026-07-07T11:36:57.596Z",
    "history_change_reason": null,
    "history_type": "+",
    "history_user": null
  }
},
{
  "model": "management.historicalhearing",
  "pk": 237,
  "fields": {
    "id": "42d37350-df55-4a91-b7df-13332633456a",
    "hearing_date": "2026-06-07",
    "hearing_time": null,
    "next_date": null,
    "hearing_stage": "Attendance",
    "notes": "Hearing proceeding for 2023/CIV/012. Client present. Next date set.",
    "case": "fe5fd88e-185d-4818-9f9d-7a2d1cce7698",
    "history_date": "2026-07-07T11:36:57.602Z",
    "history_change_reason": null,
    "history_type": "+",
    "history_user": null
  }
},
{
  "model": "management.historicalhearing",
  "pk": 238,
  "fields": {
    "id": "f6b08165-460b-480d-8990-538b424f8c02",
    "hearing_date": "2026-01-25",
    "hearing_time": null,
    "next_date": "2026-02-19",
    "hearing_stage": "Framing of Issues",
    "notes": "Hearing proceeding for 2024/FAM/013. Client present. Next date set.",
    "case": "ea4b48bc-c968-4de0-9b1b-6913bc5108f2",
    "history_date": "2026-07-07T11:36:57.610Z",
    "history_change_reason": null,
    "history_type": "+",
    "history_user": null
  }
},
{
  "model": "management.historicalhearing",
  "pk": 239,
  "fields": {
    "id": "58bbd2fc-674f-4a11-96e1-43726f8a277c",
    "hearing_date": "2026-02-19",
    "hearing_time": null,
    "next_date": null,
    "hearing_stage": "Witness",
    "notes": "Hearing proceeding for 2024/FAM/013. Client present. Next date set.",
    "case": "ea4b48bc-c968-4de0-9b1b-6913bc5108f2",
    "history_date": "2026-07-07T11:36:57.616Z",
    "history_change_reason": null,
    "history_type": "+",
    "history_user": null
  }
},
{
  "model": "management.historicalhearing",
  "pk": 240,
  "fields": {
    "id": "35aaa4e1-2722-4116-b177-3d5793c79de3",
    "hearing_date": "2026-03-24",
    "hearing_time": null,
    "next_date": "2026-04-22",
    "hearing_stage": "Framing of Issues",
    "notes": "Hearing proceeding for 2024/CRM/014. Client present. Next date set.",
    "case": "2dbdf9ae-b41f-40fc-b5e3-0ad590f830db",
    "history_date": "2026-07-07T11:36:57.623Z",
    "history_change_reason": null,
    "history_type": "+",
    "history_user": null
  }
},
{
  "model": "management.historicalhearing",
  "pk": 241,
  "fields": {
    "id": "32ee8e6e-2ab7-4c54-9758-32834e9c925d",
    "hearing_date": "2026-04-22",
    "hearing_time": null,
    "next_date": "2026-05-24",
    "hearing_stage": "Arguments",
    "notes": "Hearing proceeding for 2024/CRM/014. Client present. Next date set.",
    "case": "2dbdf9ae-b41f-40fc-b5e3-0ad590f830db",
    "history_date": "2026-07-07T11:36:57.629Z",
    "history_change_reason": null,
    "history_type": "+",
    "history_user": null
  }
},
{
  "model": "management.historicalhearing",
  "pk": 242,
  "fields": {
    "id": "eca2ff17-e891-4b92-8694-3c92d5868952",
    "hearing_date": "2026-05-24",
    "hearing_time": null,
    "next_date": "2026-07-04",
    "hearing_stage": "Final Arguments",
    "notes": "Hearing proceeding for 2024/CRM/014. Client present. Next date set.",
    "case": "2dbdf9ae-b41f-40fc-b5e3-0ad590f830db",
    "history_date": "2026-07-07T11:36:57.636Z",
    "history_change_reason": null,
    "history_type": "+",
    "history_user": null
  }
},
{
  "model": "management.historicalhearing",
  "pk": 243,
  "fields": {
    "id": "9a1d7533-8d72-43e3-90f3-e33a41c2e902",
    "hearing_date": "2026-07-04",
    "hearing_time": null,
    "next_date": null,
    "hearing_stage": "Final Arguments",
    "notes": "Hearing proceeding for 2024/CRM/014. Client present. Next date set.",
    "case": "2dbdf9ae-b41f-40fc-b5e3-0ad590f830db",
    "history_date": "2026-07-07T11:36:57.643Z",
    "history_change_reason": null,
    "history_type": "+",
    "history_user": null
  }
},
{
  "model": "management.historicalhearing",
  "pk": 244,
  "fields": {
    "id": "208646d2-9497-4f66-b79d-6f848878539d",
    "hearing_date": "2026-03-25",
    "hearing_time": null,
    "next_date": "2026-04-20",
    "hearing_stage": "Attendance",
    "notes": "Hearing proceeding for 2024/CIV/015. Client present. Next date set.",
    "case": "b86024ba-66dd-4857-b102-2d3950bb00fe",
    "history_date": "2026-07-07T11:36:57.650Z",
    "history_change_reason": null,
    "history_type": "+",
    "history_user": null
  }
},
{
  "model": "management.historicalhearing",
  "pk": 245,
  "fields": {
    "id": "751a6172-2059-42cd-b4d1-82fea2fefcfe",
    "hearing_date": "2026-04-20",
    "hearing_time": null,
    "next_date": "2026-05-30",
    "hearing_stage": "Cross-Examination",
    "notes": "Hearing proceeding for 2024/CIV/015. Client present. Next date set.",
    "case": "b86024ba-66dd-4857-b102-2d3950bb00fe",
    "history_date": "2026-07-07T11:36:57.657Z",
    "history_change_reason": null,
    "history_type": "+",
    "history_user": null
  }
},
{
  "model": "management.historicalhearing",
  "pk": 246,
  "fields": {
    "id": "20599c0f-9e39-44e5-828f-b4aa5e2e1178",
    "hearing_date": "2026-05-30",
    "hearing_time": null,
    "next_date": null,
    "hearing_stage": "Framing of Issues",
    "notes": "Hearing proceeding for 2024/CIV/015. Client present. Next date set.",
    "case": "b86024ba-66dd-4857-b102-2d3950bb00fe",
    "history_date": "2026-07-07T11:36:57.663Z",
    "history_change_reason": null,
    "history_type": "+",
    "history_user": null
  }
},
{
  "model": "management.historicalhearing",
  "pk": 247,
  "fields": {
    "id": "fa0f4c0c-573c-4316-a990-9501147ea493",
    "hearing_date": "2026-03-06",
    "hearing_time": null,
    "next_date": null,
    "hearing_stage": "Witness",
    "notes": "Hearing proceeding for 2024/CIV/001. Client present. Next date set.",
    "case": "c3cf1bd8-df32-4d93-b7dd-ee9513c9a365",
    "history_date": "2026-07-07T11:38:08.024Z",
    "history_change_reason": null,
    "history_type": "-",
    "history_user": null
  }
},
{
  "model": "management.historicalhearing",
  "pk": 248,
  "fields": {
    "id": "f9e538d4-4527-46a7-beff-a928aa1f577f",
    "hearing_date": "2026-02-08",
    "hearing_time": null,
    "next_date": "2026-03-06",
    "hearing_stage": "Framing of Issues",
    "notes": "Hearing proceeding for 2024/CIV/001. Client present. Next date set.",
    "case": "c3cf1bd8-df32-4d93-b7dd-ee9513c9a365",
    "history_date": "2026-07-07T11:38:08.027Z",
    "history_change_reason": null,
    "history_type": "-",
    "history_user": null
  }
},
{
  "model": "management.historicalhearing",
  "pk": 249,
  "fields": {
    "id": "f6b08165-460b-480d-8990-538b424f8c02",
    "hearing_date": "2026-01-25",
    "hearing_time": null,
    "next_date": "2026-02-19",
    "hearing_stage": "Framing of Issues",
    "notes": "Hearing proceeding for 2024/FAM/013. Client present. Next date set.",
    "case": "ea4b48bc-c968-4de0-9b1b-6913bc5108f2",
    "history_date": "2026-07-07T11:38:08.028Z",
    "history_change_reason": null,
    "history_type": "-",
    "history_user": null
  }
},
{
  "model": "management.historicalhearing",
  "pk": 250,
  "fields": {
    "id": "f0c41d27-9e8c-4b53-85af-edc307dda633",
    "hearing_date": "2026-05-18",
    "hearing_time": null,
    "next_date": "2026-06-07",
    "hearing_stage": "Attendance",
    "notes": "Hearing proceeding for 2023/CIV/012. Client present. Next date set.",
    "case": "fe5fd88e-185d-4818-9f9d-7a2d1cce7698",
    "history_date": "2026-07-07T11:38:08.029Z",
    "history_change_reason": null,
    "history_type": "-",
    "history_user": null
  }
},
{
  "model": "management.historicalhearing",
  "pk": 251,
  "fields": {
    "id": "f07934e0-89b1-4659-a732-7e17ecbedf2d",
    "hearing_date": "2026-04-02",
    "hearing_time": null,
    "next_date": "2026-04-25",
    "hearing_stage": "Arguments",
    "notes": "Hearing proceeding for 2023/CIV/012. Client present. Next date set.",
    "case": "fe5fd88e-185d-4818-9f9d-7a2d1cce7698",
    "history_date": "2026-07-07T11:38:08.030Z",
    "history_change_reason": null,
    "history_type": "-",
    "history_user": null
  }
},
{
  "model": "management.historicalhearing",
  "pk": 252,
  "fields": {
    "id": "f03f5d5e-8fed-4352-a3ef-fc7c8dade762",
    "hearing_date": "2026-05-29",
    "hearing_time": null,
    "next_date": null,
    "hearing_stage": "Judgment",
    "notes": "Hearing proceeding for 2024/FAM/003. Client present. Next date set.",
    "case": "81bff9b9-57e1-4c82-842d-60ddf407d9f0",
    "history_date": "2026-07-07T11:38:08.030Z",
    "history_change_reason": null,
    "history_type": "-",
    "history_user": null
  }
},
{
  "model": "management.historicalhearing",
  "pk": 253,
  "fields": {
    "id": "efb1979d-12d4-4f1d-b3ca-141ffd4788c4",
    "hearing_date": "2026-02-19",
    "hearing_time": null,
    "next_date": "2026-03-20",
    "hearing_stage": "Evidence",
    "notes": "Hearing proceeding for 2024/CRM/005. Client present. Next date set.",
    "case": "2901bc42-bb5b-4e1e-8abc-bd673d576af7",
    "history_date": "2026-07-07T11:38:08.031Z",
    "history_change_reason": null,
    "history_type": "-",
    "history_user": null
  }
},
{
  "model": "management.historicalhearing",
  "pk": 254,
  "fields": {
    "id": "eca2ff17-e891-4b92-8694-3c92d5868952",
    "hearing_date": "2026-05-24",
    "hearing_time": null,
    "next_date": "2026-07-04",
    "hearing_stage": "Final Arguments",
    "notes": "Hearing proceeding for 2024/CRM/014. Client present. Next date set.",
    "case": "2dbdf9ae-b41f-40fc-b5e3-0ad590f830db",
    "history_date": "2026-07-07T11:38:08.032Z",
    "history_change_reason": null,
    "history_type": "-",
    "history_user": null
  }
},
{
  "model": "management.historicalhearing",
  "pk": 255,
  "fields": {
    "id": "e7845abe-8231-44dd-9b68-9a3f071e827e",
    "hearing_date": "2026-06-08",
    "hearing_time": null,
    "next_date": null,
    "hearing_stage": "Final Arguments",
    "notes": "Hearing proceeding for 2024/WRT/009. Client present. Next date set.",
    "case": "e7eaa074-8e14-4616-88cd-3d73a19a9753",
    "history_date": "2026-07-07T11:38:08.033Z",
    "history_change_reason": null,
    "history_type": "-",
    "history_user": null
  }
},
{
  "model": "management.historicalhearing",
  "pk": 256,
  "fields": {
    "id": "e5fa6d28-45af-4274-88f4-995110ba3515",
    "hearing_date": "2026-03-26",
    "hearing_time": null,
    "next_date": "2026-05-04",
    "hearing_stage": "Cross-Examination",
    "notes": "Hearing proceeding for 2024/CIV/010. Client present. Next date set.",
    "case": "18d6a900-ebc8-4cdb-9b8a-dd33e4485dd6",
    "history_date": "2026-07-07T11:38:08.034Z",
    "history_change_reason": null,
    "history_type": "-",
    "history_user": null
  }
},
{
  "model": "management.historicalhearing",
  "pk": 257,
  "fields": {
    "id": "dc60d255-28b2-4876-9706-b2fe62e6549e",
    "hearing_date": "2026-04-07",
    "hearing_time": null,
    "next_date": "2026-05-20",
    "hearing_stage": "Evidence",
    "notes": "Hearing proceeding for 2024/CRM/002. Client present. Next date set.",
    "case": "d000726a-2fb6-43c1-b246-07247bc4d3a5",
    "history_date": "2026-07-07T11:38:08.034Z",
    "history_change_reason": null,
    "history_type": "-",
    "history_user": null
  }
},
{
  "model": "management.historicalhearing",
  "pk": 258,
  "fields": {
    "id": "d964491e-e655-42eb-a734-b54a1df16839",
    "hearing_date": "2026-07-10",
    "hearing_time": null,
    "next_date": "2026-07-31",
    "hearing_stage": "Framing of Issues",
    "notes": "Hearing proceeding for 2024/CRM/008. Client present. Next date set.",
    "case": "a05c8412-9243-4b35-a48e-c688e0cf051a",
    "history_date": "2026-07-07T11:38:08.035Z",
    "history_change_reason": null,
    "history_type": "-",
    "history_user": null
  }
},
{
  "model": "management.historicalhearing",
  "pk": 259,
  "fields": {
    "id": "bb9ac78e-8af9-4e89-89b7-6dae97c150a3",
    "hearing_date": "2026-04-04",
    "hearing_time": null,
    "next_date": "2026-05-02",
    "hearing_stage": "Evidence",
    "notes": "Hearing proceeding for 2023/FAM/007. Client present. Next date set.",
    "case": "1fa2d666-3e4b-4c22-8a85-79abf4ba9e9f",
    "history_date": "2026-07-07T11:38:08.036Z",
    "history_change_reason": null,
    "history_type": "-",
    "history_user": null
  }
},
{
  "model": "management.historicalhearing",
  "pk": 260,
  "fields": {
    "id": "bad37015-adf8-45fb-8bd3-2797ed98be0e",
    "hearing_date": "2026-05-04",
    "hearing_time": null,
    "next_date": "2026-06-09",
    "hearing_stage": "Attendance",
    "notes": "Hearing proceeding for 2024/CIV/010. Client present. Next date set.",
    "case": "18d6a900-ebc8-4cdb-9b8a-dd33e4485dd6",
    "history_date": "2026-07-07T11:38:08.037Z",
    "history_change_reason": null,
    "history_type": "-",
    "history_user": null
  }
},
{
  "model": "management.historicalhearing",
  "pk": 261,
  "fields": {
    "id": "b135827f-3247-4b71-a8ed-7dc9acaa1d50",
    "hearing_date": "2026-04-27",
    "hearing_time": null,
    "next_date": "2026-06-08",
    "hearing_stage": "Final Arguments",
    "notes": "Hearing proceeding for 2024/WRT/009. Client present. Next date set.",
    "case": "e7eaa074-8e14-4616-88cd-3d73a19a9753",
    "history_date": "2026-07-07T11:38:08.038Z",
    "history_change_reason": null,
    "history_type": "-",
    "history_user": null
  }
},
{
  "model": "management.historicalhearing",
  "pk": 262,
  "fields": {
    "id": "ad5fb74d-946a-4e52-b7a4-36961e66b943",
    "hearing_date": "2026-04-20",
    "hearing_time": null,
    "next_date": null,
    "hearing_stage": "Final Arguments",
    "notes": "Hearing proceeding for 2024/CRM/011. Client present. Next date set.",
    "case": "e13dd2a0-e6ac-4947-876b-96bb90976b2b",
    "history_date": "2026-07-07T11:38:08.039Z",
    "history_change_reason": null,
    "history_type": "-",
    "history_user": null
  }
},
{
  "model": "management.historicalhearing",
  "pk": 263,
  "fields": {
    "id": "ab9070ea-0f01-4d2f-a5f4-fef74c2ebb07",
    "hearing_date": "2026-04-14",
    "hearing_time": null,
    "next_date": null,
    "hearing_stage": "Judgment",
    "notes": "Hearing proceeding for 2024/CRM/005. Client present. Next date set.",
    "case": "2901bc42-bb5b-4e1e-8abc-bd673d576af7",
    "history_date": "2026-07-07T11:38:08.040Z",
    "history_change_reason": null,
    "history_type": "-",
    "history_user": null
  }
},
{
  "model": "management.historicalhearing",
  "pk": 264,
  "fields": {
    "id": "ab340a7a-771d-48ca-8791-7191c745bc28",
    "hearing_date": "2026-02-05",
    "hearing_time": null,
    "next_date": "2026-02-27",
    "hearing_stage": "Evidence",
    "notes": "Hearing proceeding for 2024/CRM/002. Client present. Next date set.",
    "case": "d000726a-2fb6-43c1-b246-07247bc4d3a5",
    "history_date": "2026-07-07T11:38:08.041Z",
    "history_change_reason": null,
    "history_type": "-",
    "history_user": null
  }
},
{
  "model": "management.historicalhearing",
  "pk": 265,
  "fields": {
    "id": "9ccb12f8-d325-4a9a-be3c-64018a7a25b4",
    "hearing_date": "2026-05-20",
    "hearing_time": null,
    "next_date": null,
    "hearing_stage": "Final Arguments",
    "notes": "Hearing proceeding for 2024/CRM/002. Client present. Next date set.",
    "case": "d000726a-2fb6-43c1-b246-07247bc4d3a5",
    "history_date": "2026-07-07T11:38:08.042Z",
    "history_change_reason": null,
    "history_type": "-",
    "history_user": null
  }
},
{
  "model": "management.historicalhearing",
  "pk": 266,
  "fields": {
    "id": "9a1d7533-8d72-43e3-90f3-e33a41c2e902",
    "hearing_date": "2026-07-04",
    "hearing_time": null,
    "next_date": null,
    "hearing_stage": "Final Arguments",
    "notes": "Hearing proceeding for 2024/CRM/014. Client present. Next date set.",
    "case": "2dbdf9ae-b41f-40fc-b5e3-0ad590f830db",
    "history_date": "2026-07-07T11:38:08.043Z",
    "history_change_reason": null,
    "history_type": "-",
    "history_user": null
  }
},
{
  "model": "management.historicalhearing",
  "pk": 267,
  "fields": {
    "id": "982bb398-e2f4-4631-a0d8-5d197034ae63",
    "hearing_date": "2026-07-03",
    "hearing_time": null,
    "next_date": null,
    "hearing_stage": "Final Arguments",
    "notes": "Hearing proceeding for 2024/CIV/006. Client present. Next date set.",
    "case": "ab31da2b-ba48-43b5-bfea-b5a79712e5a1",
    "history_date": "2026-07-07T11:38:08.044Z",
    "history_change_reason": null,
    "history_type": "-",
    "history_user": null
  }
},
{
  "model": "management.historicalhearing",
  "pk": 268,
  "fields": {
    "id": "9660902d-0e02-460e-bf63-e2f5ac783d94",
    "hearing_date": "2026-04-06",
    "hearing_time": null,
    "next_date": "2026-05-01",
    "hearing_stage": "Attendance",
    "notes": "Hearing proceeding for 2024/CIV/006. Client present. Next date set.",
    "case": "ab31da2b-ba48-43b5-bfea-b5a79712e5a1",
    "history_date": "2026-07-07T11:38:08.045Z",
    "history_change_reason": null,
    "history_type": "-",
    "history_user": null
  }
},
{
  "model": "management.historicalhearing",
  "pk": 269,
  "fields": {
    "id": "88c36c36-db8b-429f-a11c-9e40d3e7816e",
    "hearing_date": "2026-05-02",
    "hearing_time": null,
    "next_date": null,
    "hearing_stage": "Witness",
    "notes": "Hearing proceeding for 2023/FAM/007. Client present. Next date set.",
    "case": "1fa2d666-3e4b-4c22-8a85-79abf4ba9e9f",
    "history_date": "2026-07-07T11:38:08.045Z",
    "history_change_reason": null,
    "history_type": "-",
    "history_user": null
  }
},
{
  "model": "management.historicalhearing",
  "pk": 270,
  "fields": {
    "id": "8441c831-69c4-4223-8763-239be4b9cf7d",
    "hearing_date": "2026-02-26",
    "hearing_time": null,
    "next_date": "2026-04-02",
    "hearing_stage": "Witness",
    "notes": "Hearing proceeding for 2024/FAM/003. Client present. Next date set.",
    "case": "81bff9b9-57e1-4c82-842d-60ddf407d9f0",
    "history_date": "2026-07-07T11:38:08.046Z",
    "history_change_reason": null,
    "history_type": "-",
    "history_user": null
  }
},
{
  "model": "management.historicalhearing",
  "pk": 271,
  "fields": {
    "id": "8285f2d8-c7a5-46f9-b140-74861a80138e",
    "hearing_date": "2026-07-31",
    "hearing_time": null,
    "next_date": null,
    "hearing_stage": "Cross-Examination",
    "notes": "Hearing proceeding for 2024/CRM/008. Client present. Next date set.",
    "case": "a05c8412-9243-4b35-a48e-c688e0cf051a",
    "history_date": "2026-07-07T11:38:08.047Z",
    "history_change_reason": null,
    "history_type": "-",
    "history_user": null
  }
},
{
  "model": "management.historicalhearing",
  "pk": 272,
  "fields": {
    "id": "788d21f9-70f0-499f-84af-011d486c045c",
    "hearing_date": "2026-04-02",
    "hearing_time": null,
    "next_date": "2026-04-28",
    "hearing_stage": "Arguments",
    "notes": "Hearing proceeding for 2024/FAM/003. Client present. Next date set.",
    "case": "81bff9b9-57e1-4c82-842d-60ddf407d9f0",
    "history_date": "2026-07-07T11:38:08.047Z",
    "history_change_reason": null,
    "history_type": "-",
    "history_user": null
  }
},
{
  "model": "management.historicalhearing",
  "pk": 273,
  "fields": {
    "id": "751a6172-2059-42cd-b4d1-82fea2fefcfe",
    "hearing_date": "2026-04-20",
    "hearing_time": null,
    "next_date": "2026-05-30",
    "hearing_stage": "Cross-Examination",
    "notes": "Hearing proceeding for 2024/CIV/015. Client present. Next date set.",
    "case": "b86024ba-66dd-4857-b102-2d3950bb00fe",
    "history_date": "2026-07-07T11:38:08.048Z",
    "history_change_reason": null,
    "history_type": "-",
    "history_user": null
  }
},
{
  "model": "management.historicalhearing",
  "pk": 274,
  "fields": {
    "id": "712e036f-bc80-4a97-91a1-38b60e087c29",
    "hearing_date": "2026-05-01",
    "hearing_time": null,
    "next_date": "2026-06-09",
    "hearing_stage": "Arguments",
    "notes": "Hearing proceeding for 2024/CIV/006. Client present. Next date set.",
    "case": "ab31da2b-ba48-43b5-bfea-b5a79712e5a1",
    "history_date": "2026-07-07T11:38:08.048Z",
    "history_change_reason": null,
    "history_type": "-",
    "history_user": null
  }
},
{
  "model": "management.historicalhearing",
  "pk": 275,
  "fields": {
    "id": "6f1822db-2498-49dd-b07e-255c189d813a",
    "hearing_date": "2026-05-26",
    "hearing_time": null,
    "next_date": "2026-07-10",
    "hearing_stage": "Cross-Examination",
    "notes": "Hearing proceeding for 2024/CRM/008. Client present. Next date set.",
    "case": "a05c8412-9243-4b35-a48e-c688e0cf051a",
    "history_date": "2026-07-07T11:38:08.049Z",
    "history_change_reason": null,
    "history_type": "-",
    "history_user": null
  }
},
{
  "model": "management.historicalhearing",
  "pk": 276,
  "fields": {
    "id": "6c4c5793-c4c8-4930-8ebb-c3f1612c4194",
    "hearing_date": "2026-03-01",
    "hearing_time": null,
    "next_date": "2026-04-06",
    "hearing_stage": "Judgment",
    "notes": "Hearing proceeding for 2024/CIV/006. Client present. Next date set.",
    "case": "ab31da2b-ba48-43b5-bfea-b5a79712e5a1",
    "history_date": "2026-07-07T11:38:08.050Z",
    "history_change_reason": null,
    "history_type": "-",
    "history_user": null
  }
},
{
  "model": "management.historicalhearing",
  "pk": 277,
  "fields": {
    "id": "679fd150-0052-435e-b22d-59a5c2474d52",
    "hearing_date": "2026-03-22",
    "hearing_time": null,
    "next_date": "2026-04-20",
    "hearing_stage": "Framing of Issues",
    "notes": "Hearing proceeding for 2024/CRM/011. Client present. Next date set.",
    "case": "e13dd2a0-e6ac-4947-876b-96bb90976b2b",
    "history_date": "2026-07-07T11:38:08.050Z",
    "history_change_reason": null,
    "history_type": "-",
    "history_user": null
  }
},
{
  "model": "management.historicalhearing",
  "pk": 278,
  "fields": {
    "id": "5b9be834-d07f-4814-980d-5b5151d52b57",
    "hearing_date": "2026-07-20",
    "hearing_time": null,
    "next_date": null,
    "hearing_stage": "Witness",
    "notes": "Hearing proceeding for 2024/CIV/010. Client present. Next date set.",
    "case": "18d6a900-ebc8-4cdb-9b8a-dd33e4485dd6",
    "history_date": "2026-07-07T11:38:08.051Z",
    "history_change_reason": null,
    "history_type": "-",
    "history_user": null
  }
},
{
  "model": "management.historicalhearing",
  "pk": 279,
  "fields": {
    "id": "5b96c415-645a-4be0-a9d9-22714e14daa4",
    "hearing_date": "2026-04-05",
    "hearing_time": null,
    "next_date": "2026-04-27",
    "hearing_stage": "Judgment",
    "notes": "Hearing proceeding for 2024/WRT/009. Client present. Next date set.",
    "case": "e7eaa074-8e14-4616-88cd-3d73a19a9753",
    "history_date": "2026-07-07T11:38:08.052Z",
    "history_change_reason": null,
    "history_type": "-",
    "history_user": null
  }
},
{
  "model": "management.historicalhearing",
  "pk": 280,
  "fields": {
    "id": "58bbd2fc-674f-4a11-96e1-43726f8a277c",
    "hearing_date": "2026-02-19",
    "hearing_time": null,
    "next_date": null,
    "hearing_stage": "Witness",
    "notes": "Hearing proceeding for 2024/FAM/013. Client present. Next date set.",
    "case": "ea4b48bc-c968-4de0-9b1b-6913bc5108f2",
    "history_date": "2026-07-07T11:38:08.052Z",
    "history_change_reason": null,
    "history_type": "-",
    "history_user": null
  }
},
{
  "model": "management.historicalhearing",
  "pk": 281,
  "fields": {
    "id": "4d781f90-f3bf-4484-b2ab-f049aa9d597f",
    "hearing_date": "2026-02-27",
    "hearing_time": null,
    "next_date": "2026-04-07",
    "hearing_stage": "Framing of Issues",
    "notes": "Hearing proceeding for 2024/CRM/002. Client present. Next date set.",
    "case": "d000726a-2fb6-43c1-b246-07247bc4d3a5",
    "history_date": "2026-07-07T11:38:08.053Z",
    "history_change_reason": null,
    "history_type": "-",
    "history_user": null
  }
},
{
  "model": "management.historicalhearing",
  "pk": 282,
  "fields": {
    "id": "45da22d5-b32b-4e8c-aafc-f7b3f4b4f69e",
    "hearing_date": "2026-05-02",
    "hearing_time": null,
    "next_date": "2026-05-26",
    "hearing_stage": "Arguments",
    "notes": "Hearing proceeding for 2024/CRM/008. Client present. Next date set.",
    "case": "a05c8412-9243-4b35-a48e-c688e0cf051a",
    "history_date": "2026-07-07T11:38:08.054Z",
    "history_change_reason": null,
    "history_type": "-",
    "history_user": null
  }
},
{
  "model": "management.historicalhearing",
  "pk": 283,
  "fields": {
    "id": "42d37350-df55-4a91-b7df-13332633456a",
    "hearing_date": "2026-06-07",
    "hearing_time": null,
    "next_date": null,
    "hearing_stage": "Attendance",
    "notes": "Hearing proceeding for 2023/CIV/012. Client present. Next date set.",
    "case": "fe5fd88e-185d-4818-9f9d-7a2d1cce7698",
    "history_date": "2026-07-07T11:38:08.054Z",
    "history_change_reason": null,
    "history_type": "-",
    "history_user": null
  }
},
{
  "model": "management.historicalhearing",
  "pk": 284,
  "fields": {
    "id": "3b5469fd-47e6-40c6-a4df-48cc61efd649",
    "hearing_date": "2026-03-20",
    "hearing_time": null,
    "next_date": "2026-04-14",
    "hearing_stage": "Framing of Issues",
    "notes": "Hearing proceeding for 2024/CRM/005. Client present. Next date set.",
    "case": "2901bc42-bb5b-4e1e-8abc-bd673d576af7",
    "history_date": "2026-07-07T11:38:08.055Z",
    "history_change_reason": null,
    "history_type": "-",
    "history_user": null
  }
},
{
  "model": "management.historicalhearing",
  "pk": 285,
  "fields": {
    "id": "35aaa4e1-2722-4116-b177-3d5793c79de3",
    "hearing_date": "2026-03-24",
    "hearing_time": null,
    "next_date": "2026-04-22",
    "hearing_stage": "Framing of Issues",
    "notes": "Hearing proceeding for 2024/CRM/014. Client present. Next date set.",
    "case": "2dbdf9ae-b41f-40fc-b5e3-0ad590f830db",
    "history_date": "2026-07-07T11:38:08.057Z",
    "history_change_reason": null,
    "history_type": "-",
    "history_user": null
  }
},
{
  "model": "management.historicalhearing",
  "pk": 286,
  "fields": {
    "id": "32ee8e6e-2ab7-4c54-9758-32834e9c925d",
    "hearing_date": "2026-04-22",
    "hearing_time": null,
    "next_date": "2026-05-24",
    "hearing_stage": "Arguments",
    "notes": "Hearing proceeding for 2024/CRM/014. Client present. Next date set.",
    "case": "2dbdf9ae-b41f-40fc-b5e3-0ad590f830db",
    "history_date": "2026-07-07T11:38:08.058Z",
    "history_change_reason": null,
    "history_type": "-",
    "history_user": null
  }
},
{
  "model": "management.historicalhearing",
  "pk": 287,
  "fields": {
    "id": "260659f5-f253-4503-adc3-5f3fa98e19fd",
    "hearing_date": "2026-06-09",
    "hearing_time": null,
    "next_date": "2026-07-03",
    "hearing_stage": "Final Arguments",
    "notes": "Hearing proceeding for 2024/CIV/006. Client present. Next date set.",
    "case": "ab31da2b-ba48-43b5-bfea-b5a79712e5a1",
    "history_date": "2026-07-07T11:38:08.058Z",
    "history_change_reason": null,
    "history_type": "-",
    "history_user": null
  }
},
{
  "model": "management.historicalhearing",
  "pk": 288,
  "fields": {
    "id": "24575b9e-400b-4865-9d66-aba6133f9c02",
    "hearing_date": "2026-03-18",
    "hearing_time": null,
    "next_date": "2026-04-07",
    "hearing_stage": "Final Arguments",
    "notes": "Hearing proceeding for 2024/CIV/004. Client present. Next date set.",
    "case": "efa07127-0482-453d-916f-0e5f6ec8642e",
    "history_date": "2026-07-07T11:38:08.059Z",
    "history_change_reason": null,
    "history_type": "-",
    "history_user": null
  }
},
{
  "model": "management.historicalhearing",
  "pk": 289,
  "fields": {
    "id": "208646d2-9497-4f66-b79d-6f848878539d",
    "hearing_date": "2026-03-25",
    "hearing_time": null,
    "next_date": "2026-04-20",
    "hearing_stage": "Attendance",
    "notes": "Hearing proceeding for 2024/CIV/015. Client present. Next date set.",
    "case": "b86024ba-66dd-4857-b102-2d3950bb00fe",
    "history_date": "2026-07-07T11:38:08.060Z",
    "history_change_reason": null,
    "history_type": "-",
    "history_user": null
  }
},
{
  "model": "management.historicalhearing",
  "pk": 290,
  "fields": {
    "id": "20599c0f-9e39-44e5-828f-b4aa5e2e1178",
    "hearing_date": "2026-05-30",
    "hearing_time": null,
    "next_date": null,
    "hearing_stage": "Framing of Issues",
    "notes": "Hearing proceeding for 2024/CIV/015. Client present. Next date set.",
    "case": "b86024ba-66dd-4857-b102-2d3950bb00fe",
    "history_date": "2026-07-07T11:38:08.061Z",
    "history_change_reason": null,
    "history_type": "-",
    "history_user": null
  }
},
{
  "model": "management.historicalhearing",
  "pk": 291,
  "fields": {
    "id": "0ec08ce6-449b-4417-ad3d-5a33046f4d47",
    "hearing_date": "2026-01-11",
    "hearing_time": null,
    "next_date": "2026-02-05",
    "hearing_stage": "Witness",
    "notes": "Hearing proceeding for 2024/CRM/002. Client present. Next date set.",
    "case": "d000726a-2fb6-43c1-b246-07247bc4d3a5",
    "history_date": "2026-07-07T11:38:08.061Z",
    "history_change_reason": null,
    "history_type": "-",
    "history_user": null
  }
},
{
  "model": "management.historicalhearing",
  "pk": 292,
  "fields": {
    "id": "0e9e6f7e-5e42-442b-bc77-37d043e48065",
    "hearing_date": "2026-03-08",
    "hearing_time": null,
    "next_date": "2026-04-05",
    "hearing_stage": "Evidence",
    "notes": "Hearing proceeding for 2024/WRT/009. Client present. Next date set.",
    "case": "e7eaa074-8e14-4616-88cd-3d73a19a9753",
    "history_date": "2026-07-07T11:38:08.062Z",
    "history_change_reason": null,
    "history_type": "-",
    "history_user": null
  }
},
{
  "model": "management.historicalhearing",
  "pk": 293,
  "fields": {
    "id": "0e6e481d-35e2-469e-bc1a-90191878534e",
    "hearing_date": "2026-04-07",
    "hearing_time": null,
    "next_date": null,
    "hearing_stage": "Arguments",
    "notes": "Hearing proceeding for 2024/CIV/004. Client present. Next date set.",
    "case": "efa07127-0482-453d-916f-0e5f6ec8642e",
    "history_date": "2026-07-07T11:38:08.063Z",
    "history_change_reason": null,
    "history_type": "-",
    "history_user": null
  }
},
{
  "model": "management.historicalhearing",
  "pk": 294,
  "fields": {
    "id": "0dc3c692-3215-44ca-b89d-2870023d5963",
    "hearing_date": "2026-06-09",
    "hearing_time": null,
    "next_date": "2026-07-20",
    "hearing_stage": "Framing of Issues",
    "notes": "Hearing proceeding for 2024/CIV/010. Client present. Next date set.",
    "case": "18d6a900-ebc8-4cdb-9b8a-dd33e4485dd6",
    "history_date": "2026-07-07T11:38:08.063Z",
    "history_change_reason": null,
    "history_type": "-",
    "history_user": null
  }
},
{
  "model": "management.historicalhearing",
  "pk": 295,
  "fields": {
    "id": "01b5dc1a-13c0-497a-b154-3076ffe698da",
    "hearing_date": "2026-04-25",
    "hearing_time": null,
    "next_date": "2026-05-18",
    "hearing_stage": "Evidence",
    "notes": "Hearing proceeding for 2023/CIV/012. Client present. Next date set.",
    "case": "fe5fd88e-185d-4818-9f9d-7a2d1cce7698",
    "history_date": "2026-07-07T11:38:08.064Z",
    "history_change_reason": null,
    "history_type": "-",
    "history_user": null
  }
},
{
  "model": "management.historicalhearing",
  "pk": 296,
  "fields": {
    "id": "005be2c3-c33b-43d2-b84f-3fd7f42bbb50",
    "hearing_date": "2026-04-28",
    "hearing_time": null,
    "next_date": "2026-05-29",
    "hearing_stage": "Judgment",
    "notes": "Hearing proceeding for 2024/FAM/003. Client present. Next date set.",
    "case": "81bff9b9-57e1-4c82-842d-60ddf407d9f0",
    "history_date": "2026-07-07T11:38:08.065Z",
    "history_change_reason": null,
    "history_type": "-",
    "history_user": null
  }
},
{
  "model": "management.historicalhearing",
  "pk": 297,
  "fields": {
    "id": "9e63a273-f860-4f04-b181-54514380ef9b",
    "hearing_date": "2026-03-03",
    "hearing_time": null,
    "next_date": "2026-04-01",
    "hearing_stage": "Judgment",
    "notes": "Hearing proceeding for 2024/CIV/001. Client present. Next date set.",
    "case": "4462f2fb-0863-4c35-a418-95c4f8422912",
    "history_date": "2026-07-07T11:38:09.425Z",
    "history_change_reason": null,
    "history_type": "+",
    "history_user": null
  }
},
{
  "model": "management.historicalhearing",
  "pk": 298,
  "fields": {
    "id": "5e31c7fe-c79a-4027-9e06-7cd1dcece915",
    "hearing_date": "2026-04-01",
    "hearing_time": null,
    "next_date": "2026-04-26",
    "hearing_stage": "Arguments",
    "notes": "Hearing proceeding for 2024/CIV/001. Client present. Next date set.",
    "case": "4462f2fb-0863-4c35-a418-95c4f8422912",
    "history_date": "2026-07-07T11:38:09.429Z",
    "history_change_reason": null,
    "history_type": "+",
    "history_user": null
  }
},
{
  "model": "management.historicalhearing",
  "pk": 299,
  "fields": {
    "id": "4e30ade2-a893-4d0a-911c-1c2079964db8",
    "hearing_date": "2026-04-26",
    "hearing_time": null,
    "next_date": null,
    "hearing_stage": "Cross-Examination",
    "notes": "Hearing proceeding for 2024/CIV/001. Client present. Next date set.",
    "case": "4462f2fb-0863-4c35-a418-95c4f8422912",
    "history_date": "2026-07-07T11:38:09.433Z",
    "history_change_reason": null,
    "history_type": "+",
    "history_user": null
  }
},
{
  "model": "management.historicalhearing",
  "pk": 300,
  "fields": {
    "id": "0eeae16b-dafc-4cfa-ae09-9c4306dc8bae",
    "hearing_date": "2026-03-24",
    "hearing_time": null,
    "next_date": "2026-05-07",
    "hearing_stage": "Framing of Issues",
    "notes": "Hearing proceeding for 2024/CRM/002. Client present. Next date set.",
    "case": "ed647f2c-45a7-4a19-be46-5e4006b43cac",
    "history_date": "2026-07-07T11:38:09.437Z",
    "history_change_reason": null,
    "history_type": "+",
    "history_user": null
  }
},
{
  "model": "management.historicalhearing",
  "pk": 301,
  "fields": {
    "id": "ebf28e2b-10a0-412d-b675-075bffeca01a",
    "hearing_date": "2026-05-07",
    "hearing_time": null,
    "next_date": "2026-06-11",
    "hearing_stage": "Cross-Examination",
    "notes": "Hearing proceeding for 2024/CRM/002. Client present. Next date set.",
    "case": "ed647f2c-45a7-4a19-be46-5e4006b43cac",
    "history_date": "2026-07-07T11:38:09.442Z",
    "history_change_reason": null,
    "history_type": "+",
    "history_user": null
  }
},
{
  "model": "management.historicalhearing",
  "pk": 302,
  "fields": {
    "id": "57a1744a-07f6-4f27-94fd-2086e9c77ea3",
    "hearing_date": "2026-06-11",
    "hearing_time": null,
    "next_date": "2026-07-04",
    "hearing_stage": "Final Arguments",
    "notes": "Hearing proceeding for 2024/CRM/002. Client present. Next date set.",
    "case": "ed647f2c-45a7-4a19-be46-5e4006b43cac",
    "history_date": "2026-07-07T11:38:09.446Z",
    "history_change_reason": null,
    "history_type": "+",
    "history_user": null
  }
},
{
  "model": "management.historicalhearing",
  "pk": 303,
  "fields": {
    "id": "15f95072-dd7a-4d9c-adca-ccd15095a8ae",
    "hearing_date": "2026-07-04",
    "hearing_time": null,
    "next_date": "2026-07-30",
    "hearing_stage": "Arguments",
    "notes": "Hearing proceeding for 2024/CRM/002. Client present. Next date set.",
    "case": "ed647f2c-45a7-4a19-be46-5e4006b43cac",
    "history_date": "2026-07-07T11:38:09.451Z",
    "history_change_reason": null,
    "history_type": "+",
    "history_user": null
  }
},
{
  "model": "management.historicalhearing",
  "pk": 304,
  "fields": {
    "id": "ac2ce2f2-79f2-4a18-9628-72ddc423bbe6",
    "hearing_date": "2026-07-30",
    "hearing_time": null,
    "next_date": null,
    "hearing_stage": "Witness",
    "notes": "Hearing proceeding for 2024/CRM/002. Client present. Next date set.",
    "case": "ed647f2c-45a7-4a19-be46-5e4006b43cac",
    "history_date": "2026-07-07T11:38:09.456Z",
    "history_change_reason": null,
    "history_type": "+",
    "history_user": null
  }
},
{
  "model": "management.historicalhearing",
  "pk": 305,
  "fields": {
    "id": "496423c8-09e8-4166-ba5b-fc78d99d2c09",
    "hearing_date": "2026-02-18",
    "hearing_time": null,
    "next_date": "2026-03-27",
    "hearing_stage": "Witness",
    "notes": "Hearing proceeding for 2024/FAM/003. Client present. Next date set.",
    "case": "980e775d-67fc-47c7-bccc-7fbdefa7aee1",
    "history_date": "2026-07-07T11:38:09.461Z",
    "history_change_reason": null,
    "history_type": "+",
    "history_user": null
  }
},
{
  "model": "management.historicalhearing",
  "pk": 306,
  "fields": {
    "id": "81ca7fe1-b934-40dd-9303-fd341d0d9611",
    "hearing_date": "2026-03-27",
    "hearing_time": null,
    "next_date": "2026-04-22",
    "hearing_stage": "Final Arguments",
    "notes": "Hearing proceeding for 2024/FAM/003. Client present. Next date set.",
    "case": "980e775d-67fc-47c7-bccc-7fbdefa7aee1",
    "history_date": "2026-07-07T11:38:09.466Z",
    "history_change_reason": null,
    "history_type": "+",
    "history_user": null
  }
},
{
  "model": "management.historicalhearing",
  "pk": 307,
  "fields": {
    "id": "a8623209-2900-4bb8-905d-99430c60a75c",
    "hearing_date": "2026-04-22",
    "hearing_time": null,
    "next_date": null,
    "hearing_stage": "Judgment",
    "notes": "Hearing proceeding for 2024/FAM/003. Client present. Next date set.",
    "case": "980e775d-67fc-47c7-bccc-7fbdefa7aee1",
    "history_date": "2026-07-07T11:38:09.470Z",
    "history_change_reason": null,
    "history_type": "+",
    "history_user": null
  }
},
{
  "model": "management.historicalhearing",
  "pk": 308,
  "fields": {
    "id": "ff36e17c-6adb-4f64-8055-05f88a9ed659",
    "hearing_date": "2026-01-22",
    "hearing_time": null,
    "next_date": "2026-02-13",
    "hearing_stage": "Framing of Issues",
    "notes": "Hearing proceeding for 2024/CIV/004. Client present. Next date set.",
    "case": "34e30258-e01f-49a9-a0ce-6088d1acea12",
    "history_date": "2026-07-07T11:38:09.477Z",
    "history_change_reason": null,
    "history_type": "+",
    "history_user": null
  }
},
{
  "model": "management.historicalhearing",
  "pk": 309,
  "fields": {
    "id": "009ba5b4-ed1b-4011-a7be-1f48f7532b36",
    "hearing_date": "2026-02-13",
    "hearing_time": null,
    "next_date": "2026-03-11",
    "hearing_stage": "Framing of Issues",
    "notes": "Hearing proceeding for 2024/CIV/004. Client present. Next date set.",
    "case": "34e30258-e01f-49a9-a0ce-6088d1acea12",
    "history_date": "2026-07-07T11:38:09.482Z",
    "history_change_reason": null,
    "history_type": "+",
    "history_user": null
  }
},
{
  "model": "management.historicalhearing",
  "pk": 310,
  "fields": {
    "id": "b4d04cf7-1f6e-44dc-a3b8-a07762128955",
    "hearing_date": "2026-03-11",
    "hearing_time": null,
    "next_date": "2026-04-17",
    "hearing_stage": "Evidence",
    "notes": "Hearing proceeding for 2024/CIV/004. Client present. Next date set.",
    "case": "34e30258-e01f-49a9-a0ce-6088d1acea12",
    "history_date": "2026-07-07T11:38:09.489Z",
    "history_change_reason": null,
    "history_type": "+",
    "history_user": null
  }
},
{
  "model": "management.historicalhearing",
  "pk": 311,
  "fields": {
    "id": "98426bc3-ff01-47ec-85d8-43ba1858f001",
    "hearing_date": "2026-04-17",
    "hearing_time": null,
    "next_date": null,
    "hearing_stage": "Cross-Examination",
    "notes": "Hearing proceeding for 2024/CIV/004. Client present. Next date set.",
    "case": "34e30258-e01f-49a9-a0ce-6088d1acea12",
    "history_date": "2026-07-07T11:38:09.494Z",
    "history_change_reason": null,
    "history_type": "+",
    "history_user": null
  }
},
{
  "model": "management.historicalhearing",
  "pk": 312,
  "fields": {
    "id": "8205e11f-dc4e-47f8-83a1-5609792136b3",
    "hearing_date": "2026-03-06",
    "hearing_time": null,
    "next_date": "2026-03-31",
    "hearing_stage": "Final Arguments",
    "notes": "Hearing proceeding for 2024/CRM/005. Client present. Next date set.",
    "case": "c5668ccf-785b-454a-8daa-9738da15e247",
    "history_date": "2026-07-07T11:38:09.500Z",
    "history_change_reason": null,
    "history_type": "+",
    "history_user": null
  }
},
{
  "model": "management.historicalhearing",
  "pk": 313,
  "fields": {
    "id": "e2ca6449-7dfc-4216-ad29-a646e0ec4416",
    "hearing_date": "2026-03-31",
    "hearing_time": null,
    "next_date": null,
    "hearing_stage": "Judgment",
    "notes": "Hearing proceeding for 2024/CRM/005. Client present. Next date set.",
    "case": "c5668ccf-785b-454a-8daa-9738da15e247",
    "history_date": "2026-07-07T11:38:09.507Z",
    "history_change_reason": null,
    "history_type": "+",
    "history_user": null
  }
},
{
  "model": "management.historicalhearing",
  "pk": 314,
  "fields": {
    "id": "8b1bf56f-a29b-4f7d-9fec-7a85c181f31f",
    "hearing_date": "2026-03-08",
    "hearing_time": null,
    "next_date": "2026-04-08",
    "hearing_stage": "Cross-Examination",
    "notes": "Hearing proceeding for 2024/CIV/006. Client present. Next date set.",
    "case": "4d73ba65-22f6-4982-8f59-6558862c3441",
    "history_date": "2026-07-07T11:38:09.514Z",
    "history_change_reason": null,
    "history_type": "+",
    "history_user": null
  }
},
{
  "model": "management.historicalhearing",
  "pk": 315,
  "fields": {
    "id": "113611a8-c286-4e5f-828d-aaea3aed349e",
    "hearing_date": "2026-04-08",
    "hearing_time": null,
    "next_date": "2026-05-01",
    "hearing_stage": "Evidence",
    "notes": "Hearing proceeding for 2024/CIV/006. Client present. Next date set.",
    "case": "4d73ba65-22f6-4982-8f59-6558862c3441",
    "history_date": "2026-07-07T11:38:09.520Z",
    "history_change_reason": null,
    "history_type": "+",
    "history_user": null
  }
},
{
  "model": "management.historicalhearing",
  "pk": 316,
  "fields": {
    "id": "280b9037-258e-4a7f-baf1-720282131d98",
    "hearing_date": "2026-05-01",
    "hearing_time": null,
    "next_date": "2026-05-23",
    "hearing_stage": "Witness",
    "notes": "Hearing proceeding for 2024/CIV/006. Client present. Next date set.",
    "case": "4d73ba65-22f6-4982-8f59-6558862c3441",
    "history_date": "2026-07-07T11:38:09.527Z",
    "history_change_reason": null,
    "history_type": "+",
    "history_user": null
  }
},
{
  "model": "management.historicalhearing",
  "pk": 317,
  "fields": {
    "id": "fb586e9d-c263-4f87-8352-8d10d1678c4d",
    "hearing_date": "2026-05-23",
    "hearing_time": null,
    "next_date": null,
    "hearing_stage": "Evidence",
    "notes": "Hearing proceeding for 2024/CIV/006. Client present. Next date set.",
    "case": "4d73ba65-22f6-4982-8f59-6558862c3441",
    "history_date": "2026-07-07T11:38:09.533Z",
    "history_change_reason": null,
    "history_type": "+",
    "history_user": null
  }
},
{
  "model": "management.historicalhearing",
  "pk": 318,
  "fields": {
    "id": "3a3899fe-dcbe-45f1-840d-077488e77316",
    "hearing_date": "2026-04-11",
    "hearing_time": null,
    "next_date": "2026-05-16",
    "hearing_stage": "Cross-Examination",
    "notes": "Hearing proceeding for 2023/FAM/007. Client present. Next date set.",
    "case": "de3e0dc8-8bb2-4eaf-a94d-3e694409f311",
    "history_date": "2026-07-07T11:38:09.541Z",
    "history_change_reason": null,
    "history_type": "+",
    "history_user": null
  }
},
{
  "model": "management.historicalhearing",
  "pk": 319,
  "fields": {
    "id": "918ba1fa-23c2-4a1e-8c19-6552f818f562",
    "hearing_date": "2026-05-16",
    "hearing_time": null,
    "next_date": "2026-06-19",
    "hearing_stage": "Witness",
    "notes": "Hearing proceeding for 2023/FAM/007. Client present. Next date set.",
    "case": "de3e0dc8-8bb2-4eaf-a94d-3e694409f311",
    "history_date": "2026-07-07T11:38:09.547Z",
    "history_change_reason": null,
    "history_type": "+",
    "history_user": null
  }
},
{
  "model": "management.historicalhearing",
  "pk": 320,
  "fields": {
    "id": "77138aea-770d-4772-a8c3-62da7b01bbbe",
    "hearing_date": "2026-06-19",
    "hearing_time": null,
    "next_date": "2026-07-31",
    "hearing_stage": "Witness",
    "notes": "Hearing proceeding for 2023/FAM/007. Client present. Next date set.",
    "case": "de3e0dc8-8bb2-4eaf-a94d-3e694409f311",
    "history_date": "2026-07-07T11:38:09.554Z",
    "history_change_reason": null,
    "history_type": "+",
    "history_user": null
  }
},
{
  "model": "management.historicalhearing",
  "pk": 321,
  "fields": {
    "id": "d1748770-c5e6-4e8f-b3fe-e49ae81267d7",
    "hearing_date": "2026-07-31",
    "hearing_time": null,
    "next_date": null,
    "hearing_stage": "Attendance",
    "notes": "Hearing proceeding for 2023/FAM/007. Client present. Next date set.",
    "case": "de3e0dc8-8bb2-4eaf-a94d-3e694409f311",
    "history_date": "2026-07-07T11:38:09.560Z",
    "history_change_reason": null,
    "history_type": "+",
    "history_user": null
  }
},
{
  "model": "management.historicalhearing",
  "pk": 322,
  "fields": {
    "id": "9cad3150-791e-43d1-bee3-f682b3181109",
    "hearing_date": "2026-01-21",
    "hearing_time": null,
    "next_date": "2026-02-26",
    "hearing_stage": "Final Arguments",
    "notes": "Hearing proceeding for 2024/CRM/008. Client present. Next date set.",
    "case": "2bdcb733-4f7e-4a18-bf4b-3146cfc4f937",
    "history_date": "2026-07-07T11:38:09.567Z",
    "history_change_reason": null,
    "history_type": "+",
    "history_user": null
  }
},
{
  "model": "management.historicalhearing",
  "pk": 323,
  "fields": {
    "id": "99b353b8-9e8d-4ae4-b42e-d255c25db0b9",
    "hearing_date": "2026-02-26",
    "hearing_time": null,
    "next_date": "2026-04-08",
    "hearing_stage": "Attendance",
    "notes": "Hearing proceeding for 2024/CRM/008. Client present. Next date set.",
    "case": "2bdcb733-4f7e-4a18-bf4b-3146cfc4f937",
    "history_date": "2026-07-07T11:38:09.574Z",
    "history_change_reason": null,
    "history_type": "+",
    "history_user": null
  }
},
{
  "model": "management.historicalhearing",
  "pk": 324,
  "fields": {
    "id": "613c768d-8925-4f1b-b6f6-10249c85a460",
    "hearing_date": "2026-04-08",
    "hearing_time": null,
    "next_date": null,
    "hearing_stage": "Evidence",
    "notes": "Hearing proceeding for 2024/CRM/008. Client present. Next date set.",
    "case": "2bdcb733-4f7e-4a18-bf4b-3146cfc4f937",
    "history_date": "2026-07-07T11:38:09.581Z",
    "history_change_reason": null,
    "history_type": "+",
    "history_user": null
  }
},
{
  "model": "management.historicalhearing",
  "pk": 325,
  "fields": {
    "id": "f2291fd3-5a49-4519-904d-a6a2f07bb092",
    "hearing_date": "2026-04-26",
    "hearing_time": null,
    "next_date": "2026-05-25",
    "hearing_stage": "Arguments",
    "notes": "Hearing proceeding for 2024/WRT/009. Client present. Next date set.",
    "case": "e392501b-3e06-4cfe-992a-7afc1d5914a0",
    "history_date": "2026-07-07T11:38:09.588Z",
    "history_change_reason": null,
    "history_type": "+",
    "history_user": null
  }
},
{
  "model": "management.historicalhearing",
  "pk": 326,
  "fields": {
    "id": "b84cc56b-64e0-4bc6-8887-9530365f352c",
    "hearing_date": "2026-05-25",
    "hearing_time": null,
    "next_date": "2026-06-19",
    "hearing_stage": "Witness",
    "notes": "Hearing proceeding for 2024/WRT/009. Client present. Next date set.",
    "case": "e392501b-3e06-4cfe-992a-7afc1d5914a0",
    "history_date": "2026-07-07T11:38:09.595Z",
    "history_change_reason": null,
    "history_type": "+",
    "history_user": null
  }
},
{
  "model": "management.historicalhearing",
  "pk": 327,
  "fields": {
    "id": "77424171-dbfa-42a5-8573-afe5a7f52a85",
    "hearing_date": "2026-06-19",
    "hearing_time": null,
    "next_date": null,
    "hearing_stage": "Final Arguments",
    "notes": "Hearing proceeding for 2024/WRT/009. Client present. Next date set.",
    "case": "e392501b-3e06-4cfe-992a-7afc1d5914a0",
    "history_date": "2026-07-07T11:38:09.602Z",
    "history_change_reason": null,
    "history_type": "+",
    "history_user": null
  }
},
{
  "model": "management.historicalhearing",
  "pk": 328,
  "fields": {
    "id": "798fc233-3d3f-40d8-ae76-27f1b6a5acaa",
    "hearing_date": "2026-03-08",
    "hearing_time": null,
    "next_date": "2026-04-22",
    "hearing_stage": "Judgment",
    "notes": "Hearing proceeding for 2024/CIV/010. Client present. Next date set.",
    "case": "f344702a-30e1-4010-99ab-bab73b33772e",
    "history_date": "2026-07-07T11:38:09.609Z",
    "history_change_reason": null,
    "history_type": "+",
    "history_user": null
  }
},
{
  "model": "management.historicalhearing",
  "pk": 329,
  "fields": {
    "id": "3d3adcd3-351d-4b04-83e1-88c4aa65bcd0",
    "hearing_date": "2026-04-22",
    "hearing_time": null,
    "next_date": null,
    "hearing_stage": "Final Arguments",
    "notes": "Hearing proceeding for 2024/CIV/010. Client present. Next date set.",
    "case": "f344702a-30e1-4010-99ab-bab73b33772e",
    "history_date": "2026-07-07T11:38:09.615Z",
    "history_change_reason": null,
    "history_type": "+",
    "history_user": null
  }
},
{
  "model": "management.historicalhearing",
  "pk": 330,
  "fields": {
    "id": "4027a77c-8258-49a0-805d-5ad4e75929f1",
    "hearing_date": "2026-05-06",
    "hearing_time": null,
    "next_date": "2026-06-08",
    "hearing_stage": "Attendance",
    "notes": "Hearing proceeding for 2024/CRM/011. Client present. Next date set.",
    "case": "1292feeb-963d-4602-9578-1db56f6ffee4",
    "history_date": "2026-07-07T11:38:09.623Z",
    "history_change_reason": null,
    "history_type": "+",
    "history_user": null
  }
},
{
  "model": "management.historicalhearing",
  "pk": 331,
  "fields": {
    "id": "546b3d37-6d5b-4b1e-872e-5d1b058d2fcc",
    "hearing_date": "2026-06-08",
    "hearing_time": null,
    "next_date": "2026-07-22",
    "hearing_stage": "Framing of Issues",
    "notes": "Hearing proceeding for 2024/CRM/011. Client present. Next date set.",
    "case": "1292feeb-963d-4602-9578-1db56f6ffee4",
    "history_date": "2026-07-07T11:38:09.630Z",
    "history_change_reason": null,
    "history_type": "+",
    "history_user": null
  }
},
{
  "model": "management.historicalhearing",
  "pk": 332,
  "fields": {
    "id": "3a6e0bd8-a078-4351-8a08-7d0dad249e4e",
    "hearing_date": "2026-07-22",
    "hearing_time": null,
    "next_date": null,
    "hearing_stage": "Framing of Issues",
    "notes": "Hearing proceeding for 2024/CRM/011. Client present. Next date set.",
    "case": "1292feeb-963d-4602-9578-1db56f6ffee4",
    "history_date": "2026-07-07T11:38:09.637Z",
    "history_change_reason": null,
    "history_type": "+",
    "history_user": null
  }
},
{
  "model": "management.historicalhearing",
  "pk": 333,
  "fields": {
    "id": "57e8de40-c072-4a7f-9642-d7a0155aea54",
    "hearing_date": "2026-02-14",
    "hearing_time": null,
    "next_date": "2026-03-12",
    "hearing_stage": "Evidence",
    "notes": "Hearing proceeding for 2023/CIV/012. Client present. Next date set.",
    "case": "7a31a67b-6662-40c0-879c-6cd94074c4fe",
    "history_date": "2026-07-07T11:38:09.644Z",
    "history_change_reason": null,
    "history_type": "+",
    "history_user": null
  }
},
{
  "model": "management.historicalhearing",
  "pk": 334,
  "fields": {
    "id": "97bfccc6-e42f-4f6f-b918-a11af2ccae97",
    "hearing_date": "2026-03-12",
    "hearing_time": null,
    "next_date": "2026-04-17",
    "hearing_stage": "Judgment",
    "notes": "Hearing proceeding for 2023/CIV/012. Client present. Next date set.",
    "case": "7a31a67b-6662-40c0-879c-6cd94074c4fe",
    "history_date": "2026-07-07T11:38:09.650Z",
    "history_change_reason": null,
    "history_type": "+",
    "history_user": null
  }
},
{
  "model": "management.historicalhearing",
  "pk": 335,
  "fields": {
    "id": "e06ff745-c661-4c94-9282-3fe00cc85af3",
    "hearing_date": "2026-04-17",
    "hearing_time": null,
    "next_date": null,
    "hearing_stage": "Arguments",
    "notes": "Hearing proceeding for 2023/CIV/012. Client present. Next date set.",
    "case": "7a31a67b-6662-40c0-879c-6cd94074c4fe",
    "history_date": "2026-07-07T11:38:09.657Z",
    "history_change_reason": null,
    "history_type": "+",
    "history_user": null
  }
},
{
  "model": "management.historicalhearing",
  "pk": 336,
  "fields": {
    "id": "7da62a6b-b41f-4d8e-8410-bd9d9da93010",
    "hearing_date": "2026-04-05",
    "hearing_time": null,
    "next_date": "2026-05-06",
    "hearing_stage": "Witness",
    "notes": "Hearing proceeding for 2024/FAM/013. Client present. Next date set.",
    "case": "c69453e6-2e4f-42e5-a3c6-5e5493e038a7",
    "history_date": "2026-07-07T11:38:09.664Z",
    "history_change_reason": null,
    "history_type": "+",
    "history_user": null
  }
},
{
  "model": "management.historicalhearing",
  "pk": 337,
  "fields": {
    "id": "5f2ca353-985b-4759-ba0d-942030b77f91",
    "hearing_date": "2026-05-06",
    "hearing_time": null,
    "next_date": "2026-06-07",
    "hearing_stage": "Cross-Examination",
    "notes": "Hearing proceeding for 2024/FAM/013. Client present. Next date set.",
    "case": "c69453e6-2e4f-42e5-a3c6-5e5493e038a7",
    "history_date": "2026-07-07T11:38:09.670Z",
    "history_change_reason": null,
    "history_type": "+",
    "history_user": null
  }
},
{
  "model": "management.historicalhearing",
  "pk": 338,
  "fields": {
    "id": "617c1ba9-1c58-416f-b177-7c90e4688a18",
    "hearing_date": "2026-06-07",
    "hearing_time": null,
    "next_date": "2026-07-19",
    "hearing_stage": "Evidence",
    "notes": "Hearing proceeding for 2024/FAM/013. Client present. Next date set.",
    "case": "c69453e6-2e4f-42e5-a3c6-5e5493e038a7",
    "history_date": "2026-07-07T11:38:09.676Z",
    "history_change_reason": null,
    "history_type": "+",
    "history_user": null
  }
},
{
  "model": "management.historicalhearing",
  "pk": 339,
  "fields": {
    "id": "0b2c28ca-fc16-4e84-add7-0f3f4a42130a",
    "hearing_date": "2026-07-19",
    "hearing_time": null,
    "next_date": null,
    "hearing_stage": "Arguments",
    "notes": "Hearing proceeding for 2024/FAM/013. Client present. Next date set.",
    "case": "c69453e6-2e4f-42e5-a3c6-5e5493e038a7",
    "history_date": "2026-07-07T11:38:09.682Z",
    "history_change_reason": null,
    "history_type": "+",
    "history_user": null
  }
},
{
  "model": "management.historicalhearing",
  "pk": 340,
  "fields": {
    "id": "6c7cef37-7836-4c3a-8720-ebd00d5fbba6",
    "hearing_date": "2026-04-06",
    "hearing_time": null,
    "next_date": "2026-05-06",
    "hearing_stage": "Evidence",
    "notes": "Hearing proceeding for 2024/CRM/014. Client present. Next date set.",
    "case": "60423933-55b2-4d0d-80fc-99cc3c0ef23c",
    "history_date": "2026-07-07T11:38:09.690Z",
    "history_change_reason": null,
    "history_type": "+",
    "history_user": null
  }
},
{
  "model": "management.historicalhearing",
  "pk": 341,
  "fields": {
    "id": "b4365b68-630a-4125-81af-88dc538a68f2",
    "hearing_date": "2026-05-06",
    "hearing_time": null,
    "next_date": "2026-06-10",
    "hearing_stage": "Judgment",
    "notes": "Hearing proceeding for 2024/CRM/014. Client present. Next date set.",
    "case": "60423933-55b2-4d0d-80fc-99cc3c0ef23c",
    "history_date": "2026-07-07T11:38:09.697Z",
    "history_change_reason": null,
    "history_type": "+",
    "history_user": null
  }
},
{
  "model": "management.historicalhearing",
  "pk": 342,
  "fields": {
    "id": "df5dfed5-a5e6-4968-b668-f9f387f0c19c",
    "hearing_date": "2026-06-10",
    "hearing_time": null,
    "next_date": "2026-07-15",
    "hearing_stage": "Final Arguments",
    "notes": "Hearing proceeding for 2024/CRM/014. Client present. Next date set.",
    "case": "60423933-55b2-4d0d-80fc-99cc3c0ef23c",
    "history_date": "2026-07-07T11:38:09.704Z",
    "history_change_reason": null,
    "history_type": "+",
    "history_user": null
  }
},
{
  "model": "management.historicalhearing",
  "pk": 343,
  "fields": {
    "id": "c0a89b5e-7368-499f-ab1c-578e235b7da6",
    "hearing_date": "2026-07-15",
    "hearing_time": null,
    "next_date": null,
    "hearing_stage": "Attendance",
    "notes": "Hearing proceeding for 2024/CRM/014. Client present. Next date set.",
    "case": "60423933-55b2-4d0d-80fc-99cc3c0ef23c",
    "history_date": "2026-07-07T11:38:09.711Z",
    "history_change_reason": null,
    "history_type": "+",
    "history_user": null
  }
},
{
  "model": "management.historicalhearing",
  "pk": 344,
  "fields": {
    "id": "a7eaccf3-81a1-4e32-ae9c-23db20eb9740",
    "hearing_date": "2026-04-08",
    "hearing_time": null,
    "next_date": "2026-05-12",
    "hearing_stage": "Judgment",
    "notes": "Hearing proceeding for 2024/CIV/015. Client present. Next date set.",
    "case": "def42f98-cb4d-4566-8ae9-73a6d99dea6b",
    "history_date": "2026-07-07T11:38:09.719Z",
    "history_change_reason": null,
    "history_type": "+",
    "history_user": null
  }
},
{
  "model": "management.historicalhearing",
  "pk": 345,
  "fields": {
    "id": "636f0364-6845-4126-8eb8-e2987843c620",
    "hearing_date": "2026-05-12",
    "hearing_time": null,
    "next_date": "2026-06-08",
    "hearing_stage": "Judgment",
    "notes": "Hearing proceeding for 2024/CIV/015. Client present. Next date set.",
    "case": "def42f98-cb4d-4566-8ae9-73a6d99dea6b",
    "history_date": "2026-07-07T11:38:09.726Z",
    "history_change_reason": null,
    "history_type": "+",
    "history_user": null
  }
},
{
  "model": "management.historicalhearing",
  "pk": 346,
  "fields": {
    "id": "1907b598-3f12-4d5e-bb15-747278f32fa9",
    "hearing_date": "2026-06-08",
    "hearing_time": null,
    "next_date": null,
    "hearing_stage": "Attendance",
    "notes": "Hearing proceeding for 2024/CIV/015. Client present. Next date set.",
    "case": "def42f98-cb4d-4566-8ae9-73a6d99dea6b",
    "history_date": "2026-07-07T11:38:09.733Z",
    "history_change_reason": null,
    "history_type": "+",
    "history_user": null
  }
},
{
  "model": "management.historicalhearing",
  "pk": 347,
  "fields": {
    "id": "a43e09f9-ba42-487f-aa6d-b7c2595771cb",
    "hearing_date": "2026-07-19",
    "hearing_time": null,
    "next_date": "2026-07-24",
    "hearing_stage": "Attendance",
    "notes": "",
    "case": "5f19c552-adb8-4f7a-ad70-d8aca310add2",
    "history_date": "2026-07-18T06:52:28.433Z",
    "history_change_reason": null,
    "history_type": "+",
    "history_user": 1
  }
},
{
  "model": "management.historicalhearing",
  "pk": 348,
  "fields": {
    "id": "872053e7-baab-45a7-a76a-e4666af52140",
    "hearing_date": "2026-07-19",
    "hearing_time": null,
    "next_date": "2026-07-24",
    "hearing_stage": "Attendance",
    "notes": "",
    "case": "da31f6a1-2a7c-4524-911e-d8a606aa8331",
    "history_date": "2026-07-18T06:52:56.195Z",
    "history_change_reason": null,
    "history_type": "+",
    "history_user": 1
  }
},
{
  "model": "management.historicalhearing",
  "pk": 349,
  "fields": {
    "id": "04a0bf4a-06b0-464a-afdb-1fe4373b48d3",
    "hearing_date": "2026-07-20",
    "hearing_time": null,
    "next_date": null,
    "hearing_stage": "Attendance",
    "notes": "",
    "case": "5f19c552-adb8-4f7a-ad70-d8aca310add2",
    "history_date": "2026-07-18T19:07:41.108Z",
    "history_change_reason": null,
    "history_type": "+",
    "history_user": 1
  }
},
{
  "model": "management.hearing",
  "pk": "04a0bf4a-06b0-464a-afdb-1fe4373b48d3",
  "fields": {
    "case": "5f19c552-adb8-4f7a-ad70-d8aca310add2",
    "hearing_date": "2026-07-20",
    "hearing_time": null,
    "next_date": null,
    "hearing_stage": "Attendance",
    "notes": ""
  }
},
{
  "model": "management.hearing",
  "pk": "872053e7-baab-45a7-a76a-e4666af52140",
  "fields": {
    "case": "da31f6a1-2a7c-4524-911e-d8a606aa8331",
    "hearing_date": "2026-07-19",
    "hearing_time": null,
    "next_date": "2026-07-24",
    "hearing_stage": "Attendance",
    "notes": ""
  }
},
{
  "model": "management.hearing",
  "pk": "a43e09f9-ba42-487f-aa6d-b7c2595771cb",
  "fields": {
    "case": "5f19c552-adb8-4f7a-ad70-d8aca310add2",
    "hearing_date": "2026-07-19",
    "hearing_time": null,
    "next_date": "2026-07-24",
    "hearing_stage": "Attendance",
    "notes": ""
  }
},
{
  "model": "management.task",
  "pk": "07d43cba-8d94-47fa-890b-f3b0cdc6b5d2",
  "fields": {
    "title": "Prepare power of attorney for Fazal Rehman",
    "is_completed": false,
    "due_date": "2026-07-22",
    "created_at": "2026-07-07T11:38:10.055Z"
  }
},
{
  "model": "management.task",
  "pk": "0e07fff3-477a-4b1a-b249-b19f652b623c",
  "fields": {
    "title": "Submit bail application for Sher Ali Khan",
    "is_completed": true,
    "due_date": "2026-07-24",
    "created_at": "2026-07-07T11:38:10.062Z"
  }
},
{
  "model": "management.task",
  "pk": "0fe869a6-09c4-4c8b-9ac8-24ecd9945d1b",
  "fields": {
    "title": "Prepare interim injunction application",
    "is_completed": true,
    "due_date": "2026-07-03",
    "created_at": "2026-07-07T11:38:10.078Z"
  }
},
{
  "model": "management.task",
  "pk": "13115052-f5d9-4ae1-baed-a3557d7a2ed8",
  "fields": {
    "title": "Verify family tree documents from NADRA",
    "is_completed": true,
    "due_date": "2026-07-02",
    "created_at": "2026-07-07T11:38:10.069Z"
  }
},
{
  "model": "management.task",
  "pk": "14832345-60f4-4a5d-a198-25c661dc309f",
  "fields": {
    "title": "Arrange witness for deposition session",
    "is_completed": true,
    "due_date": "2026-07-09",
    "created_at": "2026-07-07T11:38:10.071Z"
  }
},
{
  "model": "management.task",
  "pk": "24e52f91-983a-4f2a-9f75-99aa246d9142",
  "fields": {
    "title": "Translate Urdu documents to Pashto for client",
    "is_completed": true,
    "due_date": "2026-08-01",
    "created_at": "2026-07-07T11:38:10.077Z"
  }
},
{
  "model": "management.task",
  "pk": "2a7ee67e-3448-4085-a99b-87042d51e651",
  "fields": {
    "title": "Consult with senior advocate on strategy",
    "is_completed": true,
    "due_date": "2026-07-13",
    "created_at": "2026-07-07T11:38:10.081Z"
  }
},
{
  "model": "management.task",
  "pk": "30ec0a4b-0d25-44cb-a2e4-79a6b8d381c1",
  "fields": {
    "title": "File vakalatnama at Sessions Court",
    "is_completed": false,
    "due_date": "2026-07-10",
    "created_at": "2026-07-07T11:38:10.051Z"
  }
},
{
  "model": "management.task",
  "pk": "5e4b7ef8-b096-4f00-b628-37dc8725e22b",
  "fields": {
    "title": "Send reminder to client about fee payment",
    "is_completed": true,
    "due_date": "2026-07-20",
    "created_at": "2026-07-07T11:38:10.059Z"
  }
},
{
  "model": "management.task",
  "pk": "67cc500e-975b-4799-8c27-2abebe2d8977",
  "fields": {
    "title": "Prepare legal notice for property dispute",
    "is_completed": true,
    "due_date": "2026-07-04",
    "created_at": "2026-07-07T11:38:10.067Z"
  }
},
{
  "model": "management.task",
  "pk": "8cc2ed49-0359-4106-8cd3-ebedd762f456",
  "fields": {
    "title": "Update client on case status",
    "is_completed": true,
    "due_date": "2026-07-10",
    "created_at": "2026-07-07T11:38:10.075Z"
  }
},
{
  "model": "management.task",
  "pk": "a1167313-ee9e-4e61-b706-b4890b53dbb2",
  "fields": {
    "title": "Follow up with police station for FIR copy",
    "is_completed": true,
    "due_date": "2026-08-03",
    "created_at": "2026-07-07T11:38:10.065Z"
  }
},
{
  "model": "management.task",
  "pk": "a57c5a8c-c3b9-46ef-aaa6-964d230a7371",
  "fields": {
    "title": "File revision petition at High Court",
    "is_completed": true,
    "due_date": "2026-07-19",
    "created_at": "2026-07-07T11:38:10.073Z"
  }
},
{
  "model": "management.task",
  "pk": "a5847885-219a-473c-9358-d26cd32bba4a",
  "fields": {
    "title": "Renew court fee stamp papers",
    "is_completed": true,
    "due_date": "2026-07-20",
    "created_at": "2026-07-07T11:38:10.064Z"
  }
},
{
  "model": "management.task",
  "pk": "c7b1860e-655b-4352-8f94-096c4f31796c",
  "fields": {
    "title": "Archive closed case files",
    "is_completed": true,
    "due_date": "2026-07-28",
    "created_at": "2026-07-07T11:38:10.083Z"
  }
},
{
  "model": "management.task",
  "pk": "ce62a9e0-444f-4006-8987-54b6286f528d",
  "fields": {
    "title": "Collect CNIC copy from client Gul Badshah",
    "is_completed": false,
    "due_date": "2026-08-04",
    "created_at": "2026-07-07T11:38:10.053Z"
  }
},
{
  "model": "management.task",
  "pk": "cf1c1f53-039b-4eb0-9e0f-7f6d582c50dc",
  "fields": {
    "title": "Attend next hearing for Case 2024/123",
    "is_completed": true,
    "due_date": "2026-07-25",
    "created_at": "2026-07-07T11:38:10.057Z"
  }
},
{
  "model": "management.task",
  "pk": "de630571-b042-467b-b4a8-84c42b32c9ab",
  "fields": {
    "title": "Collect decree copy from court office",
    "is_completed": true,
    "due_date": "2026-07-03",
    "created_at": "2026-07-07T11:38:10.080Z"
  }
},
{
  "model": "management.task",
  "pk": "f14f0e4d-62b4-4c39-b23a-45e5e0d78945",
  "fields": {
    "title": "Research precedent cases on land disputes",
    "is_completed": true,
    "due_date": "2026-07-24",
    "created_at": "2026-07-07T11:38:10.060Z"
  }
},
{
  "model": "management.task",
  "pk": "f5904b5b-7cb2-434c-aff7-de2a5894d1cd",
  "fields": {
    "title": "Draft affidavit for Muhammad Azam Khan",
    "is_completed": true,
    "due_date": "2026-08-01",
    "created_at": "2026-07-07T11:38:10.049Z"
  }
},
{
  "model": "management.historicalexpense",
  "pk": 1,
  "fields": {
    "id": "af4e08d8-41cf-468d-be2c-4bf8f4bedb3b",
    "category": "Court Fee",
    "amount": "3000.00",
    "date": "2026-07-19",
    "description": "hhkj",
    "vendor": "",
    "payment_method": "Cash",
    "notes": "",
    "created_at": "2026-07-19T14:07:57.366Z",
    "case": null,
    "history_date": "2026-07-19T14:07:57.369Z",
    "history_change_reason": null,
    "history_type": "+",
    "history_user": 1
  }
},
{
  "model": "management.expense",
  "pk": "543df5fa-b956-4d63-aaf3-522bd2bb8498",
  "fields": {
    "case": "0d2021bc-8f7c-4aad-995d-7537ec74c6ff",
    "category": "Court Fee",
    "amount": "400.00",
    "date": "2026-07-19",
    "description": "Court Filing",
    "vendor": null,
    "payment_method": "Cash",
    "notes": null,
    "created_at": "2026-07-19T09:02:35.880Z"
  }
},
{
  "model": "management.expense",
  "pk": "6b132049-2a32-4253-95ae-873f770b7121",
  "fields": {
    "case": null,
    "category": "Electricity",
    "amount": "5000.00",
    "date": "2026-07-19",
    "description": "sdfghjkl",
    "vendor": "",
    "payment_method": "Cash",
    "notes": "",
    "created_at": "2026-07-19T11:43:02.785Z"
  }
},
{
  "model": "management.expense",
  "pk": "af4e08d8-41cf-468d-be2c-4bf8f4bedb3b",
  "fields": {
    "case": null,
    "category": "Court Fee",
    "amount": "3000.00",
    "date": "2026-07-19",
    "description": "hhkj",
    "vendor": "",
    "payment_method": "Cash",
    "notes": "",
    "created_at": "2026-07-19T14:07:57.366Z"
  }
},
{
  "model": "management.expense",
  "pk": "ed72053c-dae8-4cb3-b811-c33ef09f9084",
  "fields": {
    "case": null,
    "category": "Court Fee",
    "amount": "4000.00",
    "date": "2026-07-19",
    "description": "sdfb",
    "vendor": "",
    "payment_method": "Bank Transfer",
    "notes": "",
    "created_at": "2026-07-19T14:05:07.778Z"
  }
},
{
  "model": "management.historicalinvoice",
  "pk": 1,
  "fields": {
    "id": "97dfd571-0765-413d-b2d8-648d76427e14",
    "invoice_number": "INV-001",
    "issue_date": "2026-04-08",
    "due_date": "2026-08-01",
    "status": "Paid",
    "created_at": "2026-07-07T08:27:08.410Z",
    "case": "6a3b02dd-cc9f-4b19-95cc-a28c9bcff855",
    "history_date": "2026-07-07T08:27:08.412Z",
    "history_change_reason": null,
    "history_type": "+",
    "history_user": null
  }
},
{
  "model": "management.historicalinvoice",
  "pk": 2,
  "fields": {
    "id": "7587e35d-62fd-4fd3-8237-b462ae9ba476",
    "invoice_number": "INV-002",
    "issue_date": "2026-03-09",
    "due_date": "2026-07-12",
    "status": "Partial",
    "created_at": "2026-07-07T08:27:08.416Z",
    "case": "aca99fe5-d9ec-4706-9735-00633715252f",
    "history_date": "2026-07-07T08:27:08.417Z",
    "history_change_reason": null,
    "history_type": "+",
    "history_user": null
  }
},
{
  "model": "management.historicalinvoice",
  "pk": 3,
  "fields": {
    "id": "67676e53-29ea-4e2d-824b-20cdcbf60cfd",
    "invoice_number": "INV-003",
    "issue_date": "2026-04-12",
    "due_date": "2026-07-21",
    "status": "Paid",
    "created_at": "2026-07-07T08:27:08.420Z",
    "case": "2ba46971-f828-4aa8-844f-90e4c2b9a8dd",
    "history_date": "2026-07-07T08:27:08.421Z",
    "history_change_reason": null,
    "history_type": "+",
    "history_user": null
  }
},
{
  "model": "management.historicalinvoice",
  "pk": 4,
  "fields": {
    "id": "9c0d9ce6-f38f-4606-a639-8f1c7707443a",
    "invoice_number": "INV-004",
    "issue_date": "2026-05-01",
    "due_date": "2026-07-28",
    "status": "Paid",
    "created_at": "2026-07-07T08:27:08.424Z",
    "case": "f2536963-0756-4b5a-b9f7-68bf67df5ff0",
    "history_date": "2026-07-07T08:27:08.425Z",
    "history_change_reason": null,
    "history_type": "+",
    "history_user": null
  }
},
{
  "model": "management.historicalinvoice",
  "pk": 5,
  "fields": {
    "id": "88c61d74-265d-4ba5-93d8-cd17bb09213c",
    "invoice_number": "INV-005",
    "issue_date": "2026-04-02",
    "due_date": "2026-07-20",
    "status": "Paid",
    "created_at": "2026-07-07T08:27:08.428Z",
    "case": "df8604c7-9e6f-4be3-a11e-1b01dfcfca78",
    "history_date": "2026-07-07T08:27:08.429Z",
    "history_change_reason": null,
    "history_type": "+",
    "history_user": null
  }
},
{
  "model": "management.historicalinvoice",
  "pk": 6,
  "fields": {
    "id": "22f3c851-8f64-4aa0-be79-2389297880bc",
    "invoice_number": "INV-006",
    "issue_date": "2026-04-25",
    "due_date": "2026-07-16",
    "status": "Paid",
    "created_at": "2026-07-07T08:27:08.433Z",
    "case": "4b960230-8078-4ce8-9e6b-1968ee5f547c",
    "history_date": "2026-07-07T08:27:08.434Z",
    "history_change_reason": null,
    "history_type": "+",
    "history_user": null
  }
},
{
  "model": "management.historicalinvoice",
  "pk": 7,
  "fields": {
    "id": "768d0d16-dcbc-4798-88c4-0a54cc2fd466",
    "invoice_number": "INV-007",
    "issue_date": "2026-05-09",
    "due_date": "2026-08-03",
    "status": "Pending",
    "created_at": "2026-07-07T08:27:08.437Z",
    "case": "2f34061a-e7da-4db0-9c27-64829cf88a1b",
    "history_date": "2026-07-07T08:27:08.438Z",
    "history_change_reason": null,
    "history_type": "+",
    "history_user": null
  }
},
{
  "model": "management.historicalinvoice",
  "pk": 8,
  "fields": {
    "id": "3a8ad80f-5091-41b4-8138-02a0c9547274",
    "invoice_number": "INV-008",
    "issue_date": "2026-06-06",
    "due_date": "2026-07-21",
    "status": "Partial",
    "created_at": "2026-07-07T08:27:08.441Z",
    "case": "531815cc-b1a5-4f60-9d37-bd9bfb88d921",
    "history_date": "2026-07-07T08:27:08.442Z",
    "history_change_reason": null,
    "history_type": "+",
    "history_user": null
  }
},
{
  "model": "management.historicalinvoice",
  "pk": 9,
  "fields": {
    "id": "38e54565-2eee-4cd3-b946-b331942817f0",
    "invoice_number": "INV-009",
    "issue_date": "2026-06-05",
    "due_date": "2026-07-26",
    "status": "Partial",
    "created_at": "2026-07-07T08:27:08.445Z",
    "case": "5bbd35c4-3376-428c-94a3-ab029f5666fd",
    "history_date": "2026-07-07T08:27:08.447Z",
    "history_change_reason": null,
    "history_type": "+",
    "history_user": null
  }
},
{
  "model": "management.historicalinvoice",
  "pk": 10,
  "fields": {
    "id": "431d5208-54a1-4dfb-8218-4cde67dbf337",
    "invoice_number": "INV-010",
    "issue_date": "2026-04-07",
    "due_date": "2026-07-19",
    "status": "Paid",
    "created_at": "2026-07-07T08:27:08.451Z",
    "case": "b71f19cf-ff23-4a4e-81e8-44ae035a7570",
    "history_date": "2026-07-07T08:27:08.452Z",
    "history_change_reason": null,
    "history_type": "+",
    "history_user": null
  }
},
{
  "model": "management.historicalinvoice",
  "pk": 11,
  "fields": {
    "id": "e7efdc57-b316-4ad4-927b-12eeb48e1fd9",
    "invoice_number": "INV-011",
    "issue_date": "2026-06-05",
    "due_date": "2026-07-28",
    "status": "Paid",
    "created_at": "2026-07-07T08:27:08.455Z",
    "case": "56901da3-5aa6-4888-8692-f7580429fc77",
    "history_date": "2026-07-07T08:27:08.457Z",
    "history_change_reason": null,
    "history_type": "+",
    "history_user": null
  }
},
{
  "model": "management.historicalinvoice",
  "pk": 12,
  "fields": {
    "id": "8cef4969-a806-4f41-a8ee-2fc49c243a06",
    "invoice_number": "INV-012",
    "issue_date": "2026-05-12",
    "due_date": "2026-08-05",
    "status": "Partial",
    "created_at": "2026-07-07T08:27:08.460Z",
    "case": "0c8662a8-fd24-45f7-b01e-2232e08d28bd",
    "history_date": "2026-07-07T08:27:08.462Z",
    "history_change_reason": null,
    "history_type": "+",
    "history_user": null
  }
},
{
  "model": "management.historicalinvoice",
  "pk": 13,
  "fields": {
    "id": "d8a7ab13-de1c-4c8b-8215-067edbe8fdca",
    "invoice_number": "INV-013",
    "issue_date": "2026-05-24",
    "due_date": "2026-07-12",
    "status": "Pending",
    "created_at": "2026-07-07T08:27:08.466Z",
    "case": "35ba5847-f1f7-4d72-b550-958e3fba4f04",
    "history_date": "2026-07-07T08:27:08.467Z",
    "history_change_reason": null,
    "history_type": "+",
    "history_user": null
  }
},
{
  "model": "management.historicalinvoice",
  "pk": 14,
  "fields": {
    "id": "1857a92c-52ce-4d04-ab1e-56b7563089b1",
    "invoice_number": "INV-014",
    "issue_date": "2026-05-06",
    "due_date": "2026-07-20",
    "status": "Paid",
    "created_at": "2026-07-07T08:27:08.471Z",
    "case": "4418664d-b854-4df4-84f0-b53625269a99",
    "history_date": "2026-07-07T08:27:08.472Z",
    "history_change_reason": null,
    "history_type": "+",
    "history_user": null
  }
},
{
  "model": "management.historicalinvoice",
  "pk": 15,
  "fields": {
    "id": "a0721058-403a-47db-ac0e-72a93bf07471",
    "invoice_number": "INV-015",
    "issue_date": "2026-04-05",
    "due_date": "2026-07-26",
    "status": "Pending",
    "created_at": "2026-07-07T08:27:08.476Z",
    "case": "804c84e6-d819-406e-9c0f-fc220c3989ee",
    "history_date": "2026-07-07T08:27:08.477Z",
    "history_change_reason": null,
    "history_type": "+",
    "history_user": null
  }
},
{
  "model": "management.historicalinvoice",
  "pk": 16,
  "fields": {
    "id": "97dfd571-0765-413d-b2d8-648d76427e14",
    "invoice_number": "INV-001",
    "issue_date": "2026-04-08",
    "due_date": "2026-08-01",
    "status": "Partial",
    "created_at": "2026-07-07T08:27:08.410Z",
    "case": "6a3b02dd-cc9f-4b19-95cc-a28c9bcff855",
    "history_date": "2026-07-07T08:35:12.949Z",
    "history_change_reason": null,
    "history_type": "~",
    "history_user": null
  }
},
{
  "model": "management.historicalinvoice",
  "pk": 17,
  "fields": {
    "id": "67676e53-29ea-4e2d-824b-20cdcbf60cfd",
    "invoice_number": "INV-003",
    "issue_date": "2026-04-12",
    "due_date": "2026-07-21",
    "status": "Partial",
    "created_at": "2026-07-07T08:27:08.420Z",
    "case": "2ba46971-f828-4aa8-844f-90e4c2b9a8dd",
    "history_date": "2026-07-07T08:35:13.005Z",
    "history_change_reason": null,
    "history_type": "~",
    "history_user": null
  }
},
{
  "model": "management.historicalinvoice",
  "pk": 18,
  "fields": {
    "id": "9c0d9ce6-f38f-4606-a639-8f1c7707443a",
    "invoice_number": "INV-004",
    "issue_date": "2026-05-01",
    "due_date": "2026-07-28",
    "status": "Partial",
    "created_at": "2026-07-07T08:27:08.424Z",
    "case": "f2536963-0756-4b5a-b9f7-68bf67df5ff0",
    "history_date": "2026-07-07T08:35:13.020Z",
    "history_change_reason": null,
    "history_type": "~",
    "history_user": null
  }
},
{
  "model": "management.historicalinvoice",
  "pk": 19,
  "fields": {
    "id": "88c61d74-265d-4ba5-93d8-cd17bb09213c",
    "invoice_number": "INV-005",
    "issue_date": "2026-04-02",
    "due_date": "2026-07-20",
    "status": "Partial",
    "created_at": "2026-07-07T08:27:08.428Z",
    "case": "df8604c7-9e6f-4be3-a11e-1b01dfcfca78",
    "history_date": "2026-07-07T08:35:13.034Z",
    "history_change_reason": null,
    "history_type": "~",
    "history_user": null
  }
},
{
  "model": "management.historicalinvoice",
  "pk": 20,
  "fields": {
    "id": "22f3c851-8f64-4aa0-be79-2389297880bc",
    "invoice_number": "INV-006",
    "issue_date": "2026-04-25",
    "due_date": "2026-07-16",
    "status": "Partial",
    "created_at": "2026-07-07T08:27:08.433Z",
    "case": "4b960230-8078-4ce8-9e6b-1968ee5f547c",
    "history_date": "2026-07-07T08:35:13.046Z",
    "history_change_reason": null,
    "history_type": "~",
    "history_user": null
  }
},
{
  "model": "management.historicalinvoice",
  "pk": 21,
  "fields": {
    "id": "768d0d16-dcbc-4798-88c4-0a54cc2fd466",
    "invoice_number": "INV-007",
    "issue_date": "2026-05-09",
    "due_date": "2026-08-03",
    "status": "Partial",
    "created_at": "2026-07-07T08:27:08.437Z",
    "case": "2f34061a-e7da-4db0-9c27-64829cf88a1b",
    "history_date": "2026-07-07T08:35:13.058Z",
    "history_change_reason": null,
    "history_type": "~",
    "history_user": null
  }
},
{
  "model": "management.historicalinvoice",
  "pk": 22,
  "fields": {
    "id": "431d5208-54a1-4dfb-8218-4cde67dbf337",
    "invoice_number": "INV-010",
    "issue_date": "2026-04-07",
    "due_date": "2026-07-19",
    "status": "Partial",
    "created_at": "2026-07-07T08:27:08.451Z",
    "case": "b71f19cf-ff23-4a4e-81e8-44ae035a7570",
    "history_date": "2026-07-07T08:35:13.086Z",
    "history_change_reason": null,
    "history_type": "~",
    "history_user": null
  }
},
{
  "model": "management.historicalinvoice",
  "pk": 23,
  "fields": {
    "id": "e7efdc57-b316-4ad4-927b-12eeb48e1fd9",
    "invoice_number": "INV-011",
    "issue_date": "2026-06-05",
    "due_date": "2026-07-28",
    "status": "Partial",
    "created_at": "2026-07-07T08:27:08.455Z",
    "case": "56901da3-5aa6-4888-8692-f7580429fc77",
    "history_date": "2026-07-07T08:35:13.097Z",
    "history_change_reason": null,
    "history_type": "~",
    "history_user": null
  }
},
{
  "model": "management.historicalinvoice",
  "pk": 24,
  "fields": {
    "id": "d8a7ab13-de1c-4c8b-8215-067edbe8fdca",
    "invoice_number": "INV-013",
    "issue_date": "2026-05-24",
    "due_date": "2026-07-12",
    "status": "Partial",
    "created_at": "2026-07-07T08:27:08.466Z",
    "case": "35ba5847-f1f7-4d72-b550-958e3fba4f04",
    "history_date": "2026-07-07T08:35:13.118Z",
    "history_change_reason": null,
    "history_type": "~",
    "history_user": null
  }
},
{
  "model": "management.historicalinvoice",
  "pk": 25,
  "fields": {
    "id": "1857a92c-52ce-4d04-ab1e-56b7563089b1",
    "invoice_number": "INV-014",
    "issue_date": "2026-05-06",
    "due_date": "2026-07-20",
    "status": "Partial",
    "created_at": "2026-07-07T08:27:08.471Z",
    "case": "4418664d-b854-4df4-84f0-b53625269a99",
    "history_date": "2026-07-07T08:35:13.129Z",
    "history_change_reason": null,
    "history_type": "~",
    "history_user": null
  }
},
{
  "model": "management.historicalinvoice",
  "pk": 26,
  "fields": {
    "id": "a0721058-403a-47db-ac0e-72a93bf07471",
    "invoice_number": "INV-015",
    "issue_date": "2026-04-05",
    "due_date": "2026-07-26",
    "status": "Partial",
    "created_at": "2026-07-07T08:27:08.476Z",
    "case": "804c84e6-d819-406e-9c0f-fc220c3989ee",
    "history_date": "2026-07-07T08:35:13.144Z",
    "history_change_reason": null,
    "history_type": "~",
    "history_user": null
  }
},
{
  "model": "management.historicalinvoice",
  "pk": 27,
  "fields": {
    "id": "a0721058-403a-47db-ac0e-72a93bf07471",
    "invoice_number": "INV-015",
    "issue_date": "2026-04-05",
    "due_date": "2026-07-26",
    "status": "Partial",
    "created_at": "2026-07-07T08:27:08.476Z",
    "case": "804c84e6-d819-406e-9c0f-fc220c3989ee",
    "history_date": "2026-07-07T09:12:43.916Z",
    "history_change_reason": null,
    "history_type": "-",
    "history_user": 1
  }
},
{
  "model": "management.historicalinvoice",
  "pk": 28,
  "fields": {
    "id": "1857a92c-52ce-4d04-ab1e-56b7563089b1",
    "invoice_number": "INV-014",
    "issue_date": "2026-05-06",
    "due_date": "2026-07-20",
    "status": "Partial",
    "created_at": "2026-07-07T08:27:08.471Z",
    "case": "4418664d-b854-4df4-84f0-b53625269a99",
    "history_date": "2026-07-07T09:12:46.204Z",
    "history_change_reason": null,
    "history_type": "-",
    "history_user": 1
  }
},
{
  "model": "management.historicalinvoice",
  "pk": 29,
  "fields": {
    "id": "d8a7ab13-de1c-4c8b-8215-067edbe8fdca",
    "invoice_number": "INV-013",
    "issue_date": "2026-05-24",
    "due_date": "2026-07-12",
    "status": "Partial",
    "created_at": "2026-07-07T08:27:08.466Z",
    "case": "35ba5847-f1f7-4d72-b550-958e3fba4f04",
    "history_date": "2026-07-07T09:12:49.183Z",
    "history_change_reason": null,
    "history_type": "-",
    "history_user": 1
  }
},
{
  "model": "management.historicalinvoice",
  "pk": 30,
  "fields": {
    "id": "88c61d74-265d-4ba5-93d8-cd17bb09213c",
    "invoice_number": "INV-005",
    "issue_date": "2026-04-02",
    "due_date": "2026-07-20",
    "status": "Partial",
    "created_at": "2026-07-07T08:27:08.428Z",
    "case": "df8604c7-9e6f-4be3-a11e-1b01dfcfca78",
    "history_date": "2026-07-07T09:14:49.529Z",
    "history_change_reason": null,
    "history_type": "-",
    "history_user": 1
  }
},
{
  "model": "management.historicalinvoice",
  "pk": 31,
  "fields": {
    "id": "8cef4969-a806-4f41-a8ee-2fc49c243a06",
    "invoice_number": "INV-012",
    "issue_date": "2026-05-12",
    "due_date": "2026-08-05",
    "status": "Partial",
    "created_at": "2026-07-07T08:27:08.460Z",
    "case": "0c8662a8-fd24-45f7-b01e-2232e08d28bd",
    "history_date": "2026-07-07T09:19:53.291Z",
    "history_change_reason": null,
    "history_type": "-",
    "history_user": 1
  }
},
{
  "model": "management.historicalinvoice",
  "pk": 32,
  "fields": {
    "id": "e7efdc57-b316-4ad4-927b-12eeb48e1fd9",
    "invoice_number": "INV-011",
    "issue_date": "2026-06-05",
    "due_date": "2026-07-28",
    "status": "Partial",
    "created_at": "2026-07-07T08:27:08.455Z",
    "case": "56901da3-5aa6-4888-8692-f7580429fc77",
    "history_date": "2026-07-07T09:19:59.102Z",
    "history_change_reason": null,
    "history_type": "-",
    "history_user": 1
  }
},
{
  "model": "management.historicalinvoice",
  "pk": 64,
  "fields": {
    "id": "431d5208-54a1-4dfb-8218-4cde67dbf337",
    "invoice_number": "INV-010",
    "issue_date": "2026-04-07",
    "due_date": "2026-07-19",
    "status": "Partial",
    "created_at": "2026-07-07T08:27:08.451Z",
    "case": "b71f19cf-ff23-4a4e-81e8-44ae035a7570",
    "history_date": "2026-07-07T11:30:19.937Z",
    "history_change_reason": null,
    "history_type": "-",
    "history_user": 1
  }
},
{
  "model": "management.historicalinvoice",
  "pk": 65,
  "fields": {
    "id": "cfbd3c90-deb2-410b-8f74-926c269f0109",
    "invoice_number": "INV-010",
    "issue_date": "2026-07-07",
    "due_date": "2026-07-29",
    "status": "Pending",
    "created_at": "2026-07-07T11:30:30.046Z",
    "case": "804c84e6-d819-406e-9c0f-fc220c3989ee",
    "history_date": "2026-07-07T11:30:30.047Z",
    "history_change_reason": null,
    "history_type": "+",
    "history_user": 1
  }
},
{
  "model": "management.historicalinvoice",
  "pk": 66,
  "fields": {
    "id": "cfbd3c90-deb2-410b-8f74-926c269f0109",
    "invoice_number": "INV-010",
    "issue_date": "2026-07-07",
    "due_date": "2026-07-29",
    "status": "Partial",
    "created_at": "2026-07-07T11:30:30.046Z",
    "case": "804c84e6-d819-406e-9c0f-fc220c3989ee",
    "history_date": "2026-07-07T11:30:30.063Z",
    "history_change_reason": null,
    "history_type": "~",
    "history_user": 1
  }
},
{
  "model": "management.historicalinvoice",
  "pk": 67,
  "fields": {
    "id": "cfbd3c90-deb2-410b-8f74-926c269f0109",
    "invoice_number": "INV-010",
    "issue_date": "2026-07-07",
    "due_date": "2026-07-29",
    "status": "Partial",
    "created_at": "2026-07-07T11:30:30.046Z",
    "case": "804c84e6-d819-406e-9c0f-fc220c3989ee",
    "history_date": "2026-07-07T11:36:35.305Z",
    "history_change_reason": null,
    "history_type": "-",
    "history_user": null
  }
},
{
  "model": "management.historicalinvoice",
  "pk": 68,
  "fields": {
    "id": "9c0d9ce6-f38f-4606-a639-8f1c7707443a",
    "invoice_number": "INV-004",
    "issue_date": "2026-05-01",
    "due_date": "2026-07-28",
    "status": "Partial",
    "created_at": "2026-07-07T08:27:08.424Z",
    "case": "f2536963-0756-4b5a-b9f7-68bf67df5ff0",
    "history_date": "2026-07-07T11:36:35.308Z",
    "history_change_reason": null,
    "history_type": "-",
    "history_user": null
  }
},
{
  "model": "management.historicalinvoice",
  "pk": 69,
  "fields": {
    "id": "97dfd571-0765-413d-b2d8-648d76427e14",
    "invoice_number": "INV-001",
    "issue_date": "2026-04-08",
    "due_date": "2026-08-01",
    "status": "Partial",
    "created_at": "2026-07-07T08:27:08.410Z",
    "case": "6a3b02dd-cc9f-4b19-95cc-a28c9bcff855",
    "history_date": "2026-07-07T11:36:35.308Z",
    "history_change_reason": null,
    "history_type": "-",
    "history_user": null
  }
},
{
  "model": "management.historicalinvoice",
  "pk": 70,
  "fields": {
    "id": "768d0d16-dcbc-4798-88c4-0a54cc2fd466",
    "invoice_number": "INV-007",
    "issue_date": "2026-05-09",
    "due_date": "2026-08-03",
    "status": "Partial",
    "created_at": "2026-07-07T08:27:08.437Z",
    "case": "2f34061a-e7da-4db0-9c27-64829cf88a1b",
    "history_date": "2026-07-07T11:36:35.309Z",
    "history_change_reason": null,
    "history_type": "-",
    "history_user": null
  }
},
{
  "model": "management.historicalinvoice",
  "pk": 71,
  "fields": {
    "id": "7587e35d-62fd-4fd3-8237-b462ae9ba476",
    "invoice_number": "INV-002",
    "issue_date": "2026-03-09",
    "due_date": "2026-07-12",
    "status": "Partial",
    "created_at": "2026-07-07T08:27:08.416Z",
    "case": "aca99fe5-d9ec-4706-9735-00633715252f",
    "history_date": "2026-07-07T11:36:35.310Z",
    "history_change_reason": null,
    "history_type": "-",
    "history_user": null
  }
},
{
  "model": "management.historicalinvoice",
  "pk": 72,
  "fields": {
    "id": "67676e53-29ea-4e2d-824b-20cdcbf60cfd",
    "invoice_number": "INV-003",
    "issue_date": "2026-04-12",
    "due_date": "2026-07-21",
    "status": "Partial",
    "created_at": "2026-07-07T08:27:08.420Z",
    "case": "2ba46971-f828-4aa8-844f-90e4c2b9a8dd",
    "history_date": "2026-07-07T11:36:35.311Z",
    "history_change_reason": null,
    "history_type": "-",
    "history_user": null
  }
},
{
  "model": "management.historicalinvoice",
  "pk": 73,
  "fields": {
    "id": "3a8ad80f-5091-41b4-8138-02a0c9547274",
    "invoice_number": "INV-008",
    "issue_date": "2026-06-06",
    "due_date": "2026-07-21",
    "status": "Partial",
    "created_at": "2026-07-07T08:27:08.441Z",
    "case": "531815cc-b1a5-4f60-9d37-bd9bfb88d921",
    "history_date": "2026-07-07T11:36:35.312Z",
    "history_change_reason": null,
    "history_type": "-",
    "history_user": null
  }
},
{
  "model": "management.historicalinvoice",
  "pk": 74,
  "fields": {
    "id": "38e54565-2eee-4cd3-b946-b331942817f0",
    "invoice_number": "INV-009",
    "issue_date": "2026-06-05",
    "due_date": "2026-07-26",
    "status": "Partial",
    "created_at": "2026-07-07T08:27:08.445Z",
    "case": "5bbd35c4-3376-428c-94a3-ab029f5666fd",
    "history_date": "2026-07-07T11:36:35.313Z",
    "history_change_reason": null,
    "history_type": "-",
    "history_user": null
  }
},
{
  "model": "management.historicalinvoice",
  "pk": 75,
  "fields": {
    "id": "22f3c851-8f64-4aa0-be79-2389297880bc",
    "invoice_number": "INV-006",
    "issue_date": "2026-04-25",
    "due_date": "2026-07-16",
    "status": "Partial",
    "created_at": "2026-07-07T08:27:08.433Z",
    "case": "4b960230-8078-4ce8-9e6b-1968ee5f547c",
    "history_date": "2026-07-07T11:36:35.314Z",
    "history_change_reason": null,
    "history_type": "-",
    "history_user": null
  }
},
{
  "model": "management.historicalinvoice",
  "pk": 76,
  "fields": {
    "id": "489b7a62-3b90-439f-84ea-9afa4fe73bd7",
    "invoice_number": "INV-001",
    "issue_date": "2026-03-26",
    "due_date": "2026-08-02",
    "status": "Partial",
    "created_at": "2026-07-07T11:38:09.939Z",
    "case": "4462f2fb-0863-4c35-a418-95c4f8422912",
    "history_date": "2026-07-07T11:38:09.940Z",
    "history_change_reason": null,
    "history_type": "+",
    "history_user": null
  }
},
{
  "model": "management.historicalinvoice",
  "pk": 77,
  "fields": {
    "id": "b76b3816-4ea8-4fce-85a4-9ab8f8b7888f",
    "invoice_number": "INV-002",
    "issue_date": "2026-03-26",
    "due_date": "2026-07-16",
    "status": "Pending",
    "created_at": "2026-07-07T11:38:09.945Z",
    "case": "ed647f2c-45a7-4a19-be46-5e4006b43cac",
    "history_date": "2026-07-07T11:38:09.946Z",
    "history_change_reason": null,
    "history_type": "+",
    "history_user": null
  }
},
{
  "model": "management.historicalinvoice",
  "pk": 78,
  "fields": {
    "id": "110ca1e6-856b-4a11-9727-3e151c276e46",
    "invoice_number": "INV-003",
    "issue_date": "2026-04-13",
    "due_date": "2026-07-12",
    "status": "Pending",
    "created_at": "2026-07-07T11:38:09.952Z",
    "case": "980e775d-67fc-47c7-bccc-7fbdefa7aee1",
    "history_date": "2026-07-07T11:38:09.952Z",
    "history_change_reason": null,
    "history_type": "+",
    "history_user": null
  }
},
{
  "model": "management.historicalinvoice",
  "pk": 79,
  "fields": {
    "id": "2ea24931-230d-4d1e-9113-2215fc012455",
    "invoice_number": "INV-004",
    "issue_date": "2026-05-20",
    "due_date": "2026-07-22",
    "status": "Pending",
    "created_at": "2026-07-07T11:38:09.959Z",
    "case": "34e30258-e01f-49a9-a0ce-6088d1acea12",
    "history_date": "2026-07-07T11:38:09.959Z",
    "history_change_reason": null,
    "history_type": "+",
    "history_user": null
  }
},
{
  "model": "management.historicalinvoice",
  "pk": 80,
  "fields": {
    "id": "cd78f149-04e3-45c7-9a1f-4c8651210d8a",
    "invoice_number": "INV-005",
    "issue_date": "2026-06-05",
    "due_date": "2026-07-13",
    "status": "Paid",
    "created_at": "2026-07-07T11:38:09.966Z",
    "case": "c5668ccf-785b-454a-8daa-9738da15e247",
    "history_date": "2026-07-07T11:38:09.966Z",
    "history_change_reason": null,
    "history_type": "+",
    "history_user": null
  }
},
{
  "model": "management.historicalinvoice",
  "pk": 81,
  "fields": {
    "id": "47df0ea0-aba5-40ce-b606-7c131c6105b2",
    "invoice_number": "INV-006",
    "issue_date": "2026-06-06",
    "due_date": "2026-08-02",
    "status": "Partial",
    "created_at": "2026-07-07T11:38:09.974Z",
    "case": "4d73ba65-22f6-4982-8f59-6558862c3441",
    "history_date": "2026-07-07T11:38:09.974Z",
    "history_change_reason": null,
    "history_type": "+",
    "history_user": null
  }
},
{
  "model": "management.historicalinvoice",
  "pk": 82,
  "fields": {
    "id": "e8b638e5-fb1c-4376-83a2-633e0d2b3a30",
    "invoice_number": "INV-007",
    "issue_date": "2026-04-02",
    "due_date": "2026-07-26",
    "status": "Partial",
    "created_at": "2026-07-07T11:38:09.981Z",
    "case": "de3e0dc8-8bb2-4eaf-a94d-3e694409f311",
    "history_date": "2026-07-07T11:38:09.982Z",
    "history_change_reason": null,
    "history_type": "+",
    "history_user": null
  }
},
{
  "model": "management.historicalinvoice",
  "pk": 83,
  "fields": {
    "id": "4445b67e-37d9-403a-ab83-3886a6fd17e6",
    "invoice_number": "INV-008",
    "issue_date": "2026-04-03",
    "due_date": "2026-07-24",
    "status": "Partial",
    "created_at": "2026-07-07T11:38:09.990Z",
    "case": "2bdcb733-4f7e-4a18-bf4b-3146cfc4f937",
    "history_date": "2026-07-07T11:38:09.990Z",
    "history_change_reason": null,
    "history_type": "+",
    "history_user": null
  }
},
{
  "model": "management.historicalinvoice",
  "pk": 84,
  "fields": {
    "id": "aad8ac37-c9a0-4cad-bdc3-704de76a029f",
    "invoice_number": "INV-009",
    "issue_date": "2026-05-30",
    "due_date": "2026-07-12",
    "status": "Paid",
    "created_at": "2026-07-07T11:38:09.997Z",
    "case": "e392501b-3e06-4cfe-992a-7afc1d5914a0",
    "history_date": "2026-07-07T11:38:09.997Z",
    "history_change_reason": null,
    "history_type": "+",
    "history_user": null
  }
},
{
  "model": "management.historicalinvoice",
  "pk": 85,
  "fields": {
    "id": "a806bf0a-29fc-48c3-823d-d472c6db46fc",
    "invoice_number": "INV-010",
    "issue_date": "2026-05-30",
    "due_date": "2026-07-19",
    "status": "Pending",
    "created_at": "2026-07-07T11:38:10.006Z",
    "case": "f344702a-30e1-4010-99ab-bab73b33772e",
    "history_date": "2026-07-07T11:38:10.006Z",
    "history_change_reason": null,
    "history_type": "+",
    "history_user": null
  }
},
{
  "model": "management.historicalinvoice",
  "pk": 86,
  "fields": {
    "id": "ac527c08-6701-442c-8d18-37fc4acb3e49",
    "invoice_number": "INV-011",
    "issue_date": "2026-05-06",
    "due_date": "2026-08-01",
    "status": "Pending",
    "created_at": "2026-07-07T11:38:10.013Z",
    "case": "1292feeb-963d-4602-9578-1db56f6ffee4",
    "history_date": "2026-07-07T11:38:10.013Z",
    "history_change_reason": null,
    "history_type": "+",
    "history_user": null
  }
},
{
  "model": "management.historicalinvoice",
  "pk": 87,
  "fields": {
    "id": "f02da032-9335-4158-9fd7-fbfcaef25ec9",
    "invoice_number": "INV-012",
    "issue_date": "2026-05-12",
    "due_date": "2026-07-28",
    "status": "Paid",
    "created_at": "2026-07-07T11:38:10.020Z",
    "case": "7a31a67b-6662-40c0-879c-6cd94074c4fe",
    "history_date": "2026-07-07T11:38:10.021Z",
    "history_change_reason": null,
    "history_type": "+",
    "history_user": null
  }
},
{
  "model": "management.historicalinvoice",
  "pk": 88,
  "fields": {
    "id": "6f082ea5-3af6-4eed-8f7e-88ae11d87631",
    "invoice_number": "INV-013",
    "issue_date": "2026-04-28",
    "due_date": "2026-07-15",
    "status": "Paid",
    "created_at": "2026-07-07T11:38:10.029Z",
    "case": "c69453e6-2e4f-42e5-a3c6-5e5493e038a7",
    "history_date": "2026-07-07T11:38:10.030Z",
    "history_change_reason": null,
    "history_type": "+",
    "history_user": null
  }
},
{
  "model": "management.historicalinvoice",
  "pk": 89,
  "fields": {
    "id": "38746956-7868-413c-a8d2-3a816aa968ed",
    "invoice_number": "INV-014",
    "issue_date": "2026-03-28",
    "due_date": "2026-07-15",
    "status": "Pending",
    "created_at": "2026-07-07T11:38:10.037Z",
    "case": "60423933-55b2-4d0d-80fc-99cc3c0ef23c",
    "history_date": "2026-07-07T11:38:10.037Z",
    "history_change_reason": null,
    "history_type": "+",
    "history_user": null
  }
},
{
  "model": "management.historicalinvoice",
  "pk": 90,
  "fields": {
    "id": "65b87f49-047c-4b2e-b454-73bdcfd889f2",
    "invoice_number": "INV-015",
    "issue_date": "2026-03-21",
    "due_date": "2026-07-21",
    "status": "Pending",
    "created_at": "2026-07-07T11:38:10.045Z",
    "case": "def42f98-cb4d-4566-8ae9-73a6d99dea6b",
    "history_date": "2026-07-07T11:38:10.045Z",
    "history_change_reason": null,
    "history_type": "+",
    "history_user": null
  }
},
{
  "model": "management.historicalinvoice",
  "pk": 91,
  "fields": {
    "id": "38746956-7868-413c-a8d2-3a816aa968ed",
    "invoice_number": "INV-014",
    "issue_date": "2026-03-28",
    "due_date": "2026-07-15",
    "status": "Pending",
    "created_at": "2026-07-07T11:38:10.037Z",
    "case": "60423933-55b2-4d0d-80fc-99cc3c0ef23c",
    "history_date": "2026-07-07T11:39:28.630Z",
    "history_change_reason": null,
    "history_type": "-",
    "history_user": 1
  }
},
{
  "model": "management.historicalinvoice",
  "pk": 92,
  "fields": {
    "id": "65b87f49-047c-4b2e-b454-73bdcfd889f2",
    "invoice_number": "INV-015",
    "issue_date": "2026-03-21",
    "due_date": "2026-07-21",
    "status": "Pending",
    "created_at": "2026-07-07T11:38:10.045Z",
    "case": "def42f98-cb4d-4566-8ae9-73a6d99dea6b",
    "history_date": "2026-07-07T11:39:32.116Z",
    "history_change_reason": null,
    "history_type": "-",
    "history_user": 1
  }
},
{
  "model": "management.historicalinvoice",
  "pk": 93,
  "fields": {
    "id": "6f082ea5-3af6-4eed-8f7e-88ae11d87631",
    "invoice_number": "INV-013",
    "issue_date": "2026-04-28",
    "due_date": "2026-07-15",
    "status": "Paid",
    "created_at": "2026-07-07T11:38:10.029Z",
    "case": "c69453e6-2e4f-42e5-a3c6-5e5493e038a7",
    "history_date": "2026-07-07T11:39:35.107Z",
    "history_change_reason": null,
    "history_type": "-",
    "history_user": 1
  }
},
{
  "model": "management.historicalinvoice",
  "pk": 94,
  "fields": {
    "id": "f02da032-9335-4158-9fd7-fbfcaef25ec9",
    "invoice_number": "INV-012",
    "issue_date": "2026-05-12",
    "due_date": "2026-07-28",
    "status": "Paid",
    "created_at": "2026-07-07T11:38:10.020Z",
    "case": "7a31a67b-6662-40c0-879c-6cd94074c4fe",
    "history_date": "2026-07-07T11:39:37.902Z",
    "history_change_reason": null,
    "history_type": "-",
    "history_user": 1
  }
},
{
  "model": "management.historicalinvoice",
  "pk": 95,
  "fields": {
    "id": "ac527c08-6701-442c-8d18-37fc4acb3e49",
    "invoice_number": "INV-011",
    "issue_date": "2026-05-06",
    "due_date": "2026-08-01",
    "status": "Pending",
    "created_at": "2026-07-07T11:38:10.013Z",
    "case": "1292feeb-963d-4602-9578-1db56f6ffee4",
    "history_date": "2026-07-07T11:39:40.177Z",
    "history_change_reason": null,
    "history_type": "-",
    "history_user": 1
  }
},
{
  "model": "management.historicalinvoice",
  "pk": 96,
  "fields": {
    "id": "aad8ac37-c9a0-4cad-bdc3-704de76a029f",
    "invoice_number": "INV-009",
    "issue_date": "2026-05-30",
    "due_date": "2026-07-12",
    "status": "Paid",
    "created_at": "2026-07-07T11:38:09.997Z",
    "case": "e392501b-3e06-4cfe-992a-7afc1d5914a0",
    "history_date": "2026-07-07T11:39:42.114Z",
    "history_change_reason": null,
    "history_type": "-",
    "history_user": 1
  }
},
{
  "model": "management.historicalinvoice",
  "pk": 97,
  "fields": {
    "id": "3b934179-dd56-4824-ac9d-219a4c2f9df5",
    "invoice_number": "INV-001",
    "issue_date": "2026-07-18",
    "due_date": "2026-07-30",
    "status": "Pending",
    "created_at": "2026-07-18T19:17:05.772Z",
    "case": "5f19c552-adb8-4f7a-ad70-d8aca310add2",
    "history_date": "2026-07-18T19:17:05.775Z",
    "history_change_reason": null,
    "history_type": "+",
    "history_user": 1
  }
},
{
  "model": "management.historicalinvoice",
  "pk": 98,
  "fields": {
    "id": "3b934179-dd56-4824-ac9d-219a4c2f9df5",
    "invoice_number": "INV-001",
    "issue_date": "2026-07-18",
    "due_date": "2026-07-30",
    "status": "Partial",
    "created_at": "2026-07-18T19:17:05.772Z",
    "case": "5f19c552-adb8-4f7a-ad70-d8aca310add2",
    "history_date": "2026-07-18T19:17:23.732Z",
    "history_change_reason": null,
    "history_type": "~",
    "history_user": 1
  }
},
{
  "model": "management.historicalinvoice",
  "pk": 99,
  "fields": {
    "id": "3b934179-dd56-4824-ac9d-219a4c2f9df5",
    "invoice_number": "INV-001",
    "issue_date": "2026-07-18",
    "due_date": "2026-07-30",
    "status": "Paid",
    "created_at": "2026-07-18T19:17:05.772Z",
    "case": "5f19c552-adb8-4f7a-ad70-d8aca310add2",
    "history_date": "2026-07-18T19:41:06.740Z",
    "history_change_reason": null,
    "history_type": "~",
    "history_user": 1
  }
},
{
  "model": "management.historicalinvoice",
  "pk": 132,
  "fields": {
    "id": "bc6e40da-4925-493d-bbe6-bd8dd013198d",
    "invoice_number": "INV-002",
    "issue_date": "2026-07-19",
    "due_date": "2026-07-30",
    "status": "Unpaid",
    "created_at": "2026-07-19T08:56:48.593Z",
    "case": "0d2021bc-8f7c-4aad-995d-7537ec74c6ff",
    "history_date": "2026-07-19T08:56:48.595Z",
    "history_change_reason": null,
    "history_type": "+",
    "history_user": 1
  }
},
{
  "model": "management.historicalinvoice",
  "pk": 133,
  "fields": {
    "id": "bc6e40da-4925-493d-bbe6-bd8dd013198d",
    "invoice_number": "INV-002",
    "issue_date": "2026-07-19",
    "due_date": "2026-07-30",
    "status": "Partial",
    "created_at": "2026-07-19T08:56:48.593Z",
    "case": "0d2021bc-8f7c-4aad-995d-7537ec74c6ff",
    "history_date": "2026-07-19T09:00:10.520Z",
    "history_change_reason": null,
    "history_type": "~",
    "history_user": 1
  }
},
{
  "model": "management.historicalinvoice",
  "pk": 134,
  "fields": {
    "id": "d8b81f9e-4908-4b95-a31e-0eba3249044f",
    "invoice_number": "INV-003",
    "issue_date": "2026-07-19",
    "due_date": "2026-07-30",
    "status": "Unpaid",
    "created_at": "2026-07-19T09:09:05.193Z",
    "case": "da31f6a1-2a7c-4524-911e-d8a606aa8331",
    "history_date": "2026-07-19T09:09:05.194Z",
    "history_change_reason": null,
    "history_type": "+",
    "history_user": 1
  }
},
{
  "model": "management.historicalinvoice",
  "pk": 135,
  "fields": {
    "id": "d8b81f9e-4908-4b95-a31e-0eba3249044f",
    "invoice_number": "INV-003",
    "issue_date": "2026-07-19",
    "due_date": "2026-07-30",
    "status": "Paid",
    "created_at": "2026-07-19T09:09:05.193Z",
    "case": "da31f6a1-2a7c-4524-911e-d8a606aa8331",
    "history_date": "2026-07-19T09:09:36.732Z",
    "history_change_reason": null,
    "history_type": "~",
    "history_user": 1
  }
},
{
  "model": "management.historicalinvoice",
  "pk": 136,
  "fields": {
    "id": "fcb90d7b-ec6b-49a3-bf6d-a8aa59e4f930",
    "invoice_number": "INV-004",
    "issue_date": "2026-07-19",
    "due_date": "2026-07-23",
    "status": "Unpaid",
    "created_at": "2026-07-19T11:26:04.151Z",
    "case": "5f19c552-adb8-4f7a-ad70-d8aca310add2",
    "history_date": "2026-07-19T11:26:04.154Z",
    "history_change_reason": null,
    "history_type": "+",
    "history_user": 1
  }
},
{
  "model": "management.historicalinvoice",
  "pk": 137,
  "fields": {
    "id": "bc6e40da-4925-493d-bbe6-bd8dd013198d",
    "invoice_number": "INV-002",
    "issue_date": "2026-07-19",
    "due_date": "2026-07-30",
    "status": "Unpaid",
    "created_at": "2026-07-19T08:56:48.593Z",
    "case": "0d2021bc-8f7c-4aad-995d-7537ec74c6ff",
    "history_date": "2026-07-19T11:46:12.136Z",
    "history_change_reason": null,
    "history_type": "~",
    "history_user": 1
  }
},
{
  "model": "management.historicalinvoice",
  "pk": 138,
  "fields": {
    "id": "d8b81f9e-4908-4b95-a31e-0eba3249044f",
    "invoice_number": "INV-003",
    "issue_date": "2026-07-19",
    "due_date": "2026-07-30",
    "status": "Unpaid",
    "created_at": "2026-07-19T09:09:05.193Z",
    "case": "da31f6a1-2a7c-4524-911e-d8a606aa8331",
    "history_date": "2026-07-19T11:46:16.395Z",
    "history_change_reason": null,
    "history_type": "~",
    "history_user": 1
  }
},
{
  "model": "management.historicalinvoice",
  "pk": 139,
  "fields": {
    "id": "d8b81f9e-4908-4b95-a31e-0eba3249044f",
    "invoice_number": "INV-003",
    "issue_date": "2026-07-19",
    "due_date": "2026-07-30",
    "status": "Unpaid",
    "created_at": "2026-07-19T09:09:05.193Z",
    "case": "da31f6a1-2a7c-4524-911e-d8a606aa8331",
    "history_date": "2026-07-19T11:46:20.189Z",
    "history_change_reason": null,
    "history_type": "-",
    "history_user": 1
  }
},
{
  "model": "management.historicalinvoice",
  "pk": 140,
  "fields": {
    "id": "fcb90d7b-ec6b-49a3-bf6d-a8aa59e4f930",
    "invoice_number": "INV-004",
    "issue_date": "2026-07-19",
    "due_date": "2026-07-23",
    "status": "Unpaid",
    "created_at": "2026-07-19T11:26:04.151Z",
    "case": "5f19c552-adb8-4f7a-ad70-d8aca310add2",
    "history_date": "2026-07-19T11:46:24.074Z",
    "history_change_reason": null,
    "history_type": "-",
    "history_user": 1
  }
},
{
  "model": "management.historicalinvoice",
  "pk": 141,
  "fields": {
    "id": "bc6e40da-4925-493d-bbe6-bd8dd013198d",
    "invoice_number": "INV-002",
    "issue_date": "2026-07-19",
    "due_date": "2026-07-30",
    "status": "Paid",
    "created_at": "2026-07-19T08:56:48.593Z",
    "case": "0d2021bc-8f7c-4aad-995d-7537ec74c6ff",
    "history_date": "2026-07-19T11:47:22.564Z",
    "history_change_reason": null,
    "history_type": "~",
    "history_user": 1
  }
},
{
  "model": "management.historicalinvoice",
  "pk": 142,
  "fields": {
    "id": "3b934179-dd56-4824-ac9d-219a4c2f9df5",
    "invoice_number": "INV-001",
    "issue_date": "2026-07-18",
    "due_date": "2026-07-30",
    "status": "Paid",
    "created_at": "2026-07-18T19:17:05.772Z",
    "case": "5f19c552-adb8-4f7a-ad70-d8aca310add2",
    "history_date": "2026-07-19T11:47:32.618Z",
    "history_change_reason": null,
    "history_type": "-",
    "history_user": 1
  }
},
{
  "model": "management.invoice",
  "pk": "bc6e40da-4925-493d-bbe6-bd8dd013198d",
  "fields": {
    "invoice_number": "INV-002",
    "case": "0d2021bc-8f7c-4aad-995d-7537ec74c6ff",
    "issue_date": "2026-07-19",
    "due_date": "2026-07-30",
    "status": "Paid",
    "created_at": "2026-07-19T08:56:48.593Z"
  }
},
{
  "model": "management.invoiceitem",
  "pk": "12a926ce-97f4-43dd-81a9-8581264b01b0",
  "fields": {
    "invoice": "bc6e40da-4925-493d-bbe6-bd8dd013198d",
    "description": "Advocate Fee",
    "amount": "40000.00"
  }
},
{
  "model": "management.payment",
  "pk": "c6f0fd05-307c-49c7-95c6-be8ba914928b",
  "fields": {
    "invoice": "bc6e40da-4925-493d-bbe6-bd8dd013198d",
    "amount_received": "40000.00",
    "payment_date": "2026-07-19",
    "payment_method": "Cash",
    "reference_number": "",
    "notes": "",
    "created_at": "2026-07-19T11:47:22.474Z"
  }
},
{
  "model": "management.consultationrequest",
  "pk": "253da8d4-de70-4670-8f46-847faeec40e0",
  "fields": {
    "name": "Faiz Muhammad",
    "email": "faiz.muhammad@gmail.com",
    "phone": "0348-1396484",
    "inquiry_type": "Consumer Rights",
    "message": "The shop I rented was sold without informing me. What are my rights?",
    "status": "Closed",
    "scheduled_date": null,
    "created_at": "2026-07-07T11:38:10.102Z"
  }
},
{
  "model": "management.consultationrequest",
  "pk": "3c436347-eaa3-45ae-8342-b6e40750ede2",
  "fields": {
    "name": "Hina Shah",
    "email": "hina.shah@gmail.com",
    "phone": "0343-3115339",
    "inquiry_type": "Divorce / Khula",
    "message": "My husband left and has not provided maintenance for 6 months.",
    "status": "New",
    "scheduled_date": null,
    "created_at": "2026-07-07T11:38:10.098Z"
  }
},
{
  "model": "management.consultationrequest",
  "pk": "3d00efbf-99f6-43a9-b3b6-4dd5c422e232",
  "fields": {
    "name": "Nadia Bibi",
    "email": "nadia.bibi@gmail.com",
    "phone": "0346-3805869",
    "inquiry_type": "Property Dispute",
    "message": "I have a land dispute with my neighbour in Mingora. Need urgent legal help.",
    "status": "New",
    "scheduled_date": null,
    "created_at": "2026-07-07T11:38:10.085Z"
  }
},
{
  "model": "management.consultationrequest",
  "pk": "504d3276-6c68-4a34-80fd-1dbd6305fa7b",
  "fields": {
    "name": "Hamid Ullah",
    "email": "hamid.ullah@gmail.com",
    "phone": "0342-3232381",
    "inquiry_type": "Labour Dispute",
    "message": "I was dismissed from my job without notice. Want to know my options.",
    "status": "Closed",
    "scheduled_date": null,
    "created_at": "2026-07-07T11:38:10.093Z"
  }
},
{
  "model": "management.consultationrequest",
  "pk": "5e0765ec-ecee-4495-8d5c-3296623b450d",
  "fields": {
    "name": "Samina Kosar",
    "email": "samina.kosar@gmail.com",
    "phone": "0328-4466723",
    "inquiry_type": "Banking / Loan",
    "message": "Bank is pressuring me for a loan I already paid. Need legal support.",
    "status": "Contacted",
    "scheduled_date": null,
    "created_at": "2026-07-07T11:38:10.095Z"
  }
},
{
  "model": "management.consultationrequest",
  "pk": "728aa1dc-a114-4775-a52d-6b0ebd4fb4cd",
  "fields": {
    "name": "Abdul Qadir",
    "email": "abdul.qadir@gmail.com",
    "phone": "0316-9163704",
    "inquiry_type": "Inheritance",
    "message": "My father passed away and siblings are not giving me my inheritance share.",
    "status": "New",
    "scheduled_date": null,
    "created_at": "2026-07-07T11:38:10.096Z"
  }
},
{
  "model": "management.consultationrequest",
  "pk": "7a350053-28dd-4206-ae16-4a3e0b3218d0",
  "fields": {
    "name": "Rukhsana Gul",
    "email": "rukhsana.gul@gmail.com",
    "phone": "0321-1445814",
    "inquiry_type": "Family Law",
    "message": "My husband has filed for divorce. I want to know my rights regarding children.",
    "status": "Closed",
    "scheduled_date": null,
    "created_at": "2026-07-07T11:38:10.087Z"
  }
},
{
  "model": "management.consultationrequest",
  "pk": "9b6612af-7a49-4f50-aedc-bc39f158c7c5",
  "fields": {
    "name": "Gulshan Ara",
    "email": "gulshan.ara@gmail.com",
    "phone": "0348-8178720",
    "inquiry_type": "Writ Petition",
    "message": "I want to challenge a government order that affected my business.",
    "status": "New",
    "scheduled_date": null,
    "created_at": "2026-07-07T11:38:10.100Z"
  }
},
{
  "model": "management.consultationrequest",
  "pk": "e0573cc8-87a4-4f6c-a415-4266f300022b",
  "fields": {
    "name": "Muhammad Ishaq",
    "email": "muhammad.ishaq@gmail.com",
    "phone": "0314-8592147",
    "inquiry_type": "Criminal Defense",
    "message": "Police registered a false FIR against me. Looking for bail and defence.",
    "status": "Contacted",
    "scheduled_date": null,
    "created_at": "2026-07-07T11:38:10.090Z"
  }
},
{
  "model": "management.consultationrequest",
  "pk": "f9f2f638-4b4c-483c-b555-d395273a9277",
  "fields": {
    "name": "Fawad Ahmed",
    "email": "fawad.ahmed@gmail.com",
    "phone": "0312-6199916",
    "inquiry_type": "Civil Litigation",
    "message": "Our family property was occupied illegally. Need to file a case.",
    "status": "New",
    "scheduled_date": null,
    "created_at": "2026-07-07T11:38:10.091Z"
  }
},
{
  "model": "management.calendarevent",
  "pk": "2dc0893e-63d1-4647-9a97-802781676055",
  "fields": {
    "title": "Task Due: Send reminder to client about fee payment",
    "event_type": "Internal Task",
    "start_date": "2026-07-19T19:00:00Z",
    "end_date": null,
    "all_day": true,
    "description": null,
    "location": null,
    "case": null,
    "client": null,
    "assigned_to": null,
    "reference_hearing": null,
    "reference_task": "5e4b7ef8-b096-4f00-b628-37dc8725e22b",
    "reference_invoice": null,
    "reference_consultation": null,
    "created_at": "2026-07-19T11:49:33.476Z",
    "updated_at": "2026-07-19T11:49:33.476Z"
  }
},
{
  "model": "management.calendarevent",
  "pk": "510c8ecc-8917-46fa-910d-3dcbdf86c566",
  "fields": {
    "title": "Task Due: Consult with senior advocate on strategy",
    "event_type": "Internal Task",
    "start_date": "2026-07-12T19:00:00Z",
    "end_date": null,
    "all_day": true,
    "description": null,
    "location": null,
    "case": null,
    "client": null,
    "assigned_to": null,
    "reference_hearing": null,
    "reference_task": "2a7ee67e-3448-4085-a99b-87042d51e651",
    "reference_invoice": null,
    "reference_consultation": null,
    "created_at": "2026-07-19T07:48:04.237Z",
    "updated_at": "2026-07-19T07:48:04.237Z"
  }
},
{
  "model": "management.calendarevent",
  "pk": "54c84014-5de9-45d4-b706-05b5fbc1c3b6",
  "fields": {
    "title": "Task Due: Prepare legal notice for property dispute",
    "event_type": "Internal Task",
    "start_date": "2026-07-03T19:00:00Z",
    "end_date": null,
    "all_day": true,
    "description": null,
    "location": null,
    "case": null,
    "client": null,
    "assigned_to": null,
    "reference_hearing": null,
    "reference_task": "67cc500e-975b-4799-8c27-2abebe2d8977",
    "reference_invoice": null,
    "reference_consultation": null,
    "created_at": "2026-07-19T07:48:17.347Z",
    "updated_at": "2026-07-19T07:48:17.347Z"
  }
},
{
  "model": "management.calendarevent",
  "pk": "5c5cabc2-63dd-4818-9e75-c8e751a67b27",
  "fields": {
    "title": "Task Due: Translate Urdu documents to Pashto for client",
    "event_type": "Internal Task",
    "start_date": "2026-07-31T19:00:00Z",
    "end_date": null,
    "all_day": true,
    "description": null,
    "location": null,
    "case": null,
    "client": null,
    "assigned_to": null,
    "reference_hearing": null,
    "reference_task": "24e52f91-983a-4f2a-9f75-99aa246d9142",
    "reference_invoice": null,
    "reference_consultation": null,
    "created_at": "2026-07-19T07:48:06.559Z",
    "updated_at": "2026-07-19T07:48:06.559Z"
  }
},
{
  "model": "management.calendarevent",
  "pk": "6f5fe3c1-ee04-4a42-aedb-dda554c404f7",
  "fields": {
    "title": "Task Due: Research precedent cases on land disputes",
    "event_type": "Internal Task",
    "start_date": "2026-07-23T19:00:00Z",
    "end_date": null,
    "all_day": true,
    "description": null,
    "location": null,
    "case": null,
    "client": null,
    "assigned_to": null,
    "reference_hearing": null,
    "reference_task": "f14f0e4d-62b4-4c39-b23a-45e5e0d78945",
    "reference_invoice": null,
    "reference_consultation": null,
    "created_at": "2026-07-19T07:48:19.202Z",
    "updated_at": "2026-07-19T07:48:19.202Z"
  }
},
{
  "model": "management.calendarevent",
  "pk": "8339db41-6eb5-475c-b6cd-c0260b050d82",
  "fields": {
    "title": "Task Due: Submit bail application for Sher Ali Khan",
    "event_type": "Internal Task",
    "start_date": "2026-07-23T19:00:00Z",
    "end_date": null,
    "all_day": true,
    "description": null,
    "location": null,
    "case": null,
    "client": null,
    "assigned_to": null,
    "reference_hearing": null,
    "reference_task": "0e07fff3-477a-4b1a-b249-b19f652b623c",
    "reference_invoice": null,
    "reference_consultation": null,
    "created_at": "2026-07-19T07:48:20.694Z",
    "updated_at": "2026-07-19T07:48:20.694Z"
  }
},
{
  "model": "management.calendarevent",
  "pk": "8ca63f22-fc2b-4b02-994d-2a9c97ca7b79",
  "fields": {
    "title": "Task Due: Follow up with police station for FIR copy",
    "event_type": "Internal Task",
    "start_date": "2026-08-02T19:00:00Z",
    "end_date": null,
    "all_day": true,
    "description": null,
    "location": null,
    "case": null,
    "client": null,
    "assigned_to": null,
    "reference_hearing": null,
    "reference_task": "a1167313-ee9e-4e61-b706-b4890b53dbb2",
    "reference_invoice": null,
    "reference_consultation": null,
    "created_at": "2026-07-19T07:48:17.981Z",
    "updated_at": "2026-07-19T07:48:17.981Z"
  }
},
{
  "model": "management.calendarevent",
  "pk": "aa6dadd8-9e5d-4680-9add-27f870fd68b9",
  "fields": {
    "title": "Hearing: asdfa",
    "event_type": "Court Hearing",
    "start_date": "2026-07-19T04:00:00Z",
    "end_date": "2026-07-19T05:00:00Z",
    "all_day": true,
    "description": "",
    "location": "CIvial - 442",
    "case": "5f19c552-adb8-4f7a-ad70-d8aca310add2",
    "client": "b0850ab1-98ca-4abd-af7c-1c4a91b272e4",
    "assigned_to": 1,
    "reference_hearing": "a43e09f9-ba42-487f-aa6d-b7c2595771cb",
    "reference_task": null,
    "reference_invoice": null,
    "reference_consultation": null,
    "created_at": "2026-07-18T06:52:28.449Z",
    "updated_at": "2026-07-18T06:52:28.449Z"
  }
},
{
  "model": "management.calendarevent",
  "pk": "d664d946-1690-40ff-b669-6d814457a397",
  "fields": {
    "title": "Hearing: asdfa",
    "event_type": "Court Hearing",
    "start_date": "2026-07-20T04:00:00Z",
    "end_date": "2026-07-20T05:00:00Z",
    "all_day": true,
    "description": "",
    "location": "CIvial - 442",
    "case": "5f19c552-adb8-4f7a-ad70-d8aca310add2",
    "client": "b0850ab1-98ca-4abd-af7c-1c4a91b272e4",
    "assigned_to": 1,
    "reference_hearing": "04a0bf4a-06b0-464a-afdb-1fe4373b48d3",
    "reference_task": null,
    "reference_invoice": null,
    "reference_consultation": null,
    "created_at": "2026-07-18T19:07:41.141Z",
    "updated_at": "2026-07-18T19:07:41.141Z"
  }
},
{
  "model": "management.calendarevent",
  "pk": "dc8a29ab-f2d4-4520-9ca5-d3ea75afa08e",
  "fields": {
    "title": "Task Due: Verify family tree documents from NADRA",
    "event_type": "Internal Task",
    "start_date": "2026-07-01T19:00:00Z",
    "end_date": null,
    "all_day": true,
    "description": null,
    "location": null,
    "case": null,
    "client": null,
    "assigned_to": null,
    "reference_hearing": null,
    "reference_task": "13115052-f5d9-4ae1-baed-a3557d7a2ed8",
    "reference_invoice": null,
    "reference_consultation": null,
    "created_at": "2026-07-19T07:48:14.994Z",
    "updated_at": "2026-07-19T07:48:14.994Z"
  }
},
{
  "model": "management.calendarevent",
  "pk": "ddc713e5-753b-48e0-88b0-8cb945890b3c",
  "fields": {
    "title": "Hearing: dfgh`",
    "event_type": "Court Hearing",
    "start_date": "2026-07-19T04:00:00Z",
    "end_date": "2026-07-19T05:00:00Z",
    "all_day": true,
    "description": "",
    "location": "CIvial - 442",
    "case": "da31f6a1-2a7c-4524-911e-d8a606aa8331",
    "client": "1f0e39b6-d544-4079-bcda-beffc33717aa",
    "assigned_to": 11,
    "reference_hearing": "872053e7-baab-45a7-a76a-e4666af52140",
    "reference_task": null,
    "reference_invoice": null,
    "reference_consultation": null,
    "created_at": "2026-07-18T06:52:56.207Z",
    "updated_at": "2026-07-18T06:52:56.207Z"
  }
},
{
  "model": "management.calendarevent",
  "pk": "df1b8c0e-44e0-48e7-a526-215eab955df0",
  "fields": {
    "title": "Task Due: Collect decree copy from court office",
    "event_type": "Internal Task",
    "start_date": "2026-07-02T19:00:00Z",
    "end_date": null,
    "all_day": true,
    "description": null,
    "location": null,
    "case": null,
    "client": null,
    "assigned_to": null,
    "reference_hearing": null,
    "reference_task": "de630571-b042-467b-b4a8-84c42b32c9ab",
    "reference_invoice": null,
    "reference_consultation": null,
    "created_at": "2026-07-19T07:48:05.733Z",
    "updated_at": "2026-07-19T07:48:05.733Z"
  }
},
{
  "model": "management.calendarevent",
  "pk": "f29e954f-d3e2-4906-b859-176b6845352e",
  "fields": {
    "title": "Task Due: File revision petition at High Court",
    "event_type": "Internal Task",
    "start_date": "2026-07-18T19:00:00Z",
    "end_date": null,
    "all_day": true,
    "description": null,
    "location": null,
    "case": null,
    "client": null,
    "assigned_to": null,
    "reference_hearing": null,
    "reference_task": "a57c5a8c-c3b9-46ef-aaa6-964d230a7371",
    "reference_invoice": null,
    "reference_consultation": null,
    "created_at": "2026-07-19T07:48:07.942Z",
    "updated_at": "2026-07-19T07:48:07.942Z"
  }
},
{
  "model": "management.calendarevent",
  "pk": "fa32ca51-afce-4c52-8e89-7db946ecd544",
  "fields": {
    "title": "Task Due: Update client on case status",
    "event_type": "Internal Task",
    "start_date": "2026-07-09T19:00:00Z",
    "end_date": null,
    "all_day": true,
    "description": null,
    "location": null,
    "case": null,
    "client": null,
    "assigned_to": null,
    "reference_hearing": null,
    "reference_task": "8cc2ed49-0359-4106-8cd3-ebedd762f456",
    "reference_invoice": null,
    "reference_consultation": null,
    "created_at": "2026-07-19T07:48:07.281Z",
    "updated_at": "2026-07-19T07:48:07.281Z"
  }
},
{
  "model": "management.notification",
  "pk": "04eba526-8b3e-4c7a-9fd8-fbfa42f13ae1",
  "fields": {
    "user": 1,
    "title": "Payment Received",
    "message": "Rs 23456789.00 received for dfgh`.",
    "type": "success",
    "is_read": true,
    "link": null,
    "created_at": "2026-07-19T09:09:36.693Z"
  }
},
{
  "model": "management.notification",
  "pk": "07c3c5b2-36e0-43a9-bb8e-53ae0e21fab0",
  "fields": {
    "user": 1,
    "title": "Payment Received",
    "message": "Rs 241895.00 received for asdfa.",
    "type": "success",
    "is_read": true,
    "link": null,
    "created_at": "2026-07-18T19:41:06.725Z"
  }
},
{
  "model": "management.notification",
  "pk": "8d31a4d0-bb6e-4156-a193-f1de3ed9b62d",
  "fields": {
    "user": 1,
    "title": "New Client Added",
    "message": "Client 'Maaz' was added to the system.",
    "type": "info",
    "is_read": true,
    "link": null,
    "created_at": "2026-07-18T19:37:53.936Z"
  }
},
{
  "model": "management.notification",
  "pk": "9e82b758-0024-444d-9712-c5982878ab1d",
  "fields": {
    "user": 1,
    "title": "Case Status Updated",
    "message": "Case sdfgh changed to Documentation Pending.",
    "type": "success",
    "is_read": true,
    "link": null,
    "created_at": "2026-07-18T19:37:35.448Z"
  }
},
{
  "model": "management.notification",
  "pk": "d681669f-caf0-4be7-87fb-5a222de9dfa4",
  "fields": {
    "user": 1,
    "title": "Payment Received",
    "message": "Rs 40000.00 received for sdfgh.",
    "type": "success",
    "is_read": true,
    "link": null,
    "created_at": "2026-07-19T11:47:22.527Z"
  }
},
{
  "model": "management.notification",
  "pk": "e864cc84-127b-4739-9f60-f750b6de2186",
  "fields": {
    "user": 1,
    "title": "Case Status Updated",
    "message": "Case ertyui changed to Filed.",
    "type": "success",
    "is_read": true,
    "link": null,
    "created_at": "2026-07-18T19:37:40.311Z"
  }
},
{
  "model": "management.notification",
  "pk": "ff60e18a-d921-4e24-bce1-1412e6c368c7",
  "fields": {
    "user": 1,
    "title": "Payment Received",
    "message": "Rs 20000.00 received for sdfgh.",
    "type": "success",
    "is_read": true,
    "link": null,
    "created_at": "2026-07-19T09:00:10.508Z"
  }
}
]
